8 substitutions in 24 sites
4222 configurations
     1      1    1    2    3    4    5    6    7    8
     2     96    1    2    3    4    5    6    7    9
     3     32    1    2    3    4    5    6    7   12
     4     96    1    2    3    4    5    6    9   10
     5    192    1    2    3    4    5    6    9   11
     6    192    1    2    3    4    5    6    9   12
     7     48    1    2    3    4    5    6    9   16
     8     96    1    2    3    4    5    6    9   17
     9    192    1    2    3    4    5    6    9   18
    10    192    1    2    3    4    5    6    9   21
    11     48    1    2    3    4    5    6    9   22
    12     48    1    2    3    4    5    6    9   23
    13     96    1    2    3    4    5    6   11   12
    14     48    1    2    3    4    5    6   11   13
    15     96    1    2    3    4    5    6   11   15
    16     48    1    2    3    4    5    6   11   18
    17     48    1    2    3    4    5    6   11   19
    18    192    1    2    3    4    5    9   10   11
    19    192    1    2    3    4    5    9   10   13
    20     96    1    2    3    4    5    9   10   14
    21    192    1    2    3    4    5    9   10   15
    22    192    1    2    3    4    5    9   10   16
    23    192    1    2    3    4    5    9   10   17
    24     96    1    2    3    4    5    9   10   18
    25    192    1    2    3    4    5    9   10   19
    26    192    1    2    3    4    5    9   10   20
    27    192    1    2    3    4    5    9   10   21
    28     96    1    2    3    4    5    9   10   22
    29    192    1    2    3    4    5    9   10   23
    30     96    1    2    3    4    5    9   10   24
    31     64    1    2    3    4    5    9   11   12
    32     96    1    2    3    4    5    9   11   13
    33    192    1    2    3    4    5    9   11   15
    34    192    1    2    3    4    5    9   11   16
    35    192    1    2    3    4    5    9   11   18
    36    192    1    2    3    4    5    9   11   19
    37    192    1    2    3    4    5    9   11   20
    38     96    1    2    3    4    5    9   11   21
    39    192    1    2    3    4    5    9   11   22
    40    192    1    2    3    4    5    9   11   24
    41     96    1    2    3    4    5    9   16   21
    42     96    1    2    3    4    5    9   16   22
    43     96    1    2    3    4    5    9   16   23
    44    192    1    2    3    4    5    9   17   19
    45     96    1    2    3    4    5    9   17   20
    46     32    1    2    3    4    5    9   18   19
    47     96    1    2    3    4    5    9   18   23
    48     32    1    2    3    4    5    9   21   24
    49     32    1    2    3    4    5   10   14   16
    50     16    1    2    3    4    9   10   11   12
    51    192    1    2    3    4    9   10   11   13
    52    192    1    2    3    4    9   10   11   14
    53    192    1    2    3    4    9   10   11   15
    54    192    1    2    3    4    9   10   11   16
    55    192    1    2    3    4    9   10   13   16
    56     96    1    2    3    4    9   10   13   17
    57    192    1    2    3    4    9   10   13   18
    58     96    1    2    3    4    9   10   13   19
    59    192    1    2    3    4    9   10   13   20
    60     24    1    2    3    4    9   10   13   24
    61     96    1    2    3    4    9   10   14   16
    62    192    1    2    3    4    9   10   14   17
    63    192    1    2    3    4    9   10   14   18
    64     24    1    2    3    4    9   10   14   22
    65     96    1    2    3    4    9   10   14   23
    66     24    1    2    3    4    9   10   15   18
    67    192    1    2    3    4    9   10   15   19
    68     96    1    2    3    4    9   10   15   20
    69     96    1    2    3    4    9   10   15   21
    70     48    1    2    3    4    9   10   16   17
    71     96    1    2    3    4    9   10   16   19
    72     96    1    2    3    4    9   10   16   20
    73    192    1    2    3    4    9   10   16   21
    74    192    1    2    3    4    9   10   16   23
    75     96    1    2    3    4    9   10   19   20
    76     48    1    2    3    4    9   10   19   21
    77    192    1    2    3    4    9   10   19   23
    78     48    1    2    3    4    9   10   20   23
    79      8    1    2    3    4    9   16   21   24
    80     24    1    2    3    4    9   16   22   23
    81      8    1    2    3    4    9   17   20   22
    82      8    1    2    3    4    9   18   19   23
    83     96    1    2    3    5    6    7    9   10
    84     96    1    2    3    5    6    7    9   12
    85    192    1    2    3    5    6    7    9   13
    86     96    1    2    3    5    6    7    9   15
    87     48    1    2    3    5    6    7    9   16
    88    192    1    2    3    5    6    7    9   17
    89     96    1    2    3    5    6    7    9   19
    90    192    1    2    3    5    6    7    9   21
    91    192    1    2    3    5    6    7    9   22
    92     96    1    2    3    5    6    7   12   13
    93     48    1    2    3    5    6    7   12   15
    94     96    1    2    3    5    6    7   13   14
    95    192    1    2    3    5    6    7   13   15
    96     48    1    2    3    5    6    7   13   17
    97     96    1    2    3    5    6    7   13   18
    98     96    1    2    3    5    6    7   13   22
    99     48    1    2    3    5    6    7   15   22
   100    192    1    2    3    5    6    9   10   11
   101    192    1    2    3    5    6    9   10   12
   102    192    1    2    3    5    6    9   10   13
   103    192    1    2    3    5    6    9   10   14
   104    192    1    2    3    5    6    9   10   15
   105    192    1    2    3    5    6    9   10   16
   106    192    1    2    3    5    6    9   10   17
   107    192    1    2    3    5    6    9   10   18
   108    192    1    2    3    5    6    9   10   19
   109    192    1    2    3    5    6    9   10   20
   110    192    1    2    3    5    6    9   10   21
   111     96    1    2    3    5    6    9   10   22
   112    192    1    2    3    5    6    9   10   23
   113    192    1    2    3    5    6    9   10   24
   114    192    1    2    3    5    6    9   11   12
   115    192    1    2    3    5    6    9   11   13
   116    192    1    2    3    5    6    9   11   14
   117    192    1    2    3    5    6    9   11   15
   118    192    1    2    3    5    6    9   11   16
   119    192    1    2    3    5    6    9   11   17
   120    192    1    2    3    5    6    9   11   18
   121    192    1    2    3    5    6    9   11   19
   122    192    1    2    3    5    6    9   11   20
   123    192    1    2    3    5    6    9   11   21
   124    192    1    2    3    5    6    9   11   22
   125    192    1    2    3    5    6    9   11   23
   126    192    1    2    3    5    6    9   11   24
   127    192    1    2    3    5    6    9   12   13
   128    192    1    2    3    5    6    9   12   14
   129    192    1    2    3    5    6    9   12   15
   130     96    1    2    3    5    6    9   12   16
   131    192    1    2    3    5    6    9   12   17
   132    192    1    2    3    5    6    9   12   18
   133    192    1    2    3    5    6    9   12   19
   134    192    1    2    3    5    6    9   12   20
   135    192    1    2    3    5    6    9   12   21
   136    192    1    2    3    5    6    9   12   22
   137    192    1    2    3    5    6    9   12   23
   138    192    1    2    3    5    6    9   12   24
   139    192    1    2    3    5    6    9   13   14
   140    192    1    2    3    5    6    9   13   15
   141    192    1    2    3    5    6    9   13   16
   142    192    1    2    3    5    6    9   13   17
   143    192    1    2    3    5    6    9   13   18
   144    192    1    2    3    5    6    9   13   19
   145    192    1    2    3    5    6    9   13   20
   146    192    1    2    3    5    6    9   13   21
   147    192    1    2    3    5    6    9   13   22
   148    192    1    2    3    5    6    9   13   24
   149    192    1    2    3    5    6    9   14   15
   150    192    1    2    3    5    6    9   14   16
   151    192    1    2    3    5    6    9   14   17
   152    192    1    2    3    5    6    9   14   18
   153    192    1    2    3    5    6    9   14   19
   154    192    1    2    3    5    6    9   14   20
   155    192    1    2    3    5    6    9   14   21
   156     96    1    2    3    5    6    9   14   22
   157    192    1    2    3    5    6    9   14   23
   158    192    1    2    3    5    6    9   14   24
   159     96    1    2    3    5    6    9   15   16
   160    192    1    2    3    5    6    9   15   17
   161    192    1    2    3    5    6    9   15   18
   162    192    1    2    3    5    6    9   15   19
   163    192    1    2    3    5    6    9   15   20
   164    192    1    2    3    5    6    9   15   21
   165    192    1    2    3    5    6    9   15   22
   166    192    1    2    3    5    6    9   15   23
   167    192    1    2    3    5    6    9   15   24
   168     96    1    2    3    5    6    9   16   21
   169    192    1    2    3    5    6    9   16   22
   170     96    1    2    3    5    6    9   16   24
   171    192    1    2    3    5    6    9   17   18
   172    192    1    2    3    5    6    9   17   19
   173    192    1    2    3    5    6    9   17   20
   174    192    1    2    3    5    6    9   17   21
   175     96    1    2    3    5    6    9   17   22
   176    192    1    2    3    5    6    9   17   24
   177    192    1    2    3    5    6    9   18   19
   178    192    1    2    3    5    6    9   18   20
   179    192    1    2    3    5    6    9   18   21
   180    192    1    2    3    5    6    9   18   23
   181    192    1    2    3    5    6    9   18   24
   182    192    1    2    3    5    6    9   19   20
   183    192    1    2    3    5    6    9   19   21
   184    192    1    2    3    5    6    9   19   24
   185    192    1    2    3    5    6    9   20   21
   186     96    1    2    3    5    6    9   20   22
   187    192    1    2    3    5    6    9   20   24
   188    192    1    2    3    5    6    9   21   24
   189    192    1    2    3    5    6   10   11   12
   190    192    1    2    3    5    6   10   11   13
   191    192    1    2    3    5    6   10   11   14
   192    192    1    2    3    5    6   10   11   15
   193    192    1    2    3    5    6   10   11   17
   194     96    1    2    3    5    6   10   11   18
   195    192    1    2    3    5    6   10   11   19
   196    192    1    2    3    5    6   10   11   20
   197    192    1    2    3    5    6   10   11   21
   198    192    1    2    3    5    6   10   11   24
   199    192    1    2    3    5    6   10   12   13
   200    192    1    2    3    5    6   10   12   14
   201    192    1    2    3    5    6   10   12   15
   202    192    1    2    3    5    6   10   12   17
   203    192    1    2    3    5    6   10   12   19
   204     96    1    2    3    5    6   10   12   20
   205    192    1    2    3    5    6   10   12   21
   206     96    1    2    3    5    6   10   12   24
   207    192    1    2    3    5    6   10   13   14
   208    192    1    2    3    5    6   10   13   15
   209    192    1    2    3    5    6   10   13   17
   210     96    1    2    3    5    6   10   13   19
   211    192    1    2    3    5    6   10   13   21
   212    192    1    2    3    5    6   10   14   15
   213     96    1    2    3    5    6   10   14   17
   214     96    1    2    3    5    6   10   14   20
   215    192    1    2    3    5    6   10   15   17
   216     96    1    2    3    5    6   10   15   20
   217     96    1    2    3    5    6   10   15   21
   218    192    1    2    3    5    6   11   12   13
   219    192    1    2    3    5    6   11   12   14
   220    192    1    2    3    5    6   11   12   15
   221    192    1    2    3    5    6   11   12   17
   222    192    1    2    3    5    6   11   12   18
   223     96    1    2    3    5    6   11   12   19
   224    192    1    2    3    5    6   11   12   21
   225    192    1    2    3    5    6   11   12   24
   226    192    1    2    3    5    6   11   13   14
   227    192    1    2    3    5    6   11   13   15
   228    192    1    2    3    5    6   11   13   18
   229    192    1    2    3    5    6   11   14   15
   230    192    1    2    3    5    6   11   14   17
   231     96    1    2    3    5    6   11   14   18
   232    192    1    2    3    5    6   11   14   19
   233    192    1    2    3    5    6   11   14   21
   234    192    1    2    3    5    6   11   14   24
   235    192    1    2    3    5    6   11   15   17
   236    192    1    2    3    5    6   11   15   18
   237     96    1    2    3    5    6   11   15   19
   238    192    1    2    3    5    6   11   15   21
   239    192    1    2    3    5    6   11   15   24
   240     96    1    2    3    5    6   11   17   18
   241    192    1    2    3    5    6   11   17   21
   242    192    1    2    3    5    6   11   17   24
   243     96    1    2    3    5    6   11   19   21
   244     96    1    2    3    5    6   11   19   24
   245    192    1    2    3    5    6   11   21   24
   246    192    1    2    3    5    6   12   14   15
   247     96    1    2    3    5    6   12   14   17
   248    192    1    2    3    5    6   12   14   21
   249     96    1    2    3    5    6   12   14   24
   250     96    1    2    3    5    6   12   15   21
   251     96    1    2    3    5    6   12   15   24
   252     96    1    2    3    5    6   14   15   17
   253     96    1    2    3    5    6   14   15   21
   254    192    1    2    3    5    9   10   11   12
   255    192    1    2    3    5    9   10   11   13
   256    192    1    2    3    5    9   10   11   14
   257    192    1    2    3    5    9   10   11   15
   258    192    1    2    3    5    9   10   11   16
   259    192    1    2    3    5    9   10   11   17
   260    192    1    2    3    5    9   10   11   18
   261    192    1    2    3    5    9   10   11   19
   262    192    1    2    3    5    9   10   11   20
   263    192    1    2    3    5    9   10   11   21
   264    192    1    2    3    5    9   10   11   22
   265    192    1    2    3    5    9   10   11   23
   266    192    1    2    3    5    9   10   11   24
   267    192    1    2    3    5    9   10   12   13
   268    192    1    2    3    5    9   10   12   14
   269    192    1    2    3    5    9   10   12   15
   270    192    1    2    3    5    9   10   12   16
   271    192    1    2    3    5    9   10   12   17
   272    192    1    2    3    5    9   10   12   18
   273    192    1    2    3    5    9   10   12   19
   274    192    1    2    3    5    9   10   12   20
   275    192    1    2    3    5    9   10   12   21
   276    192    1    2    3    5    9   10   12   22
   277    192    1    2    3    5    9   10   12   23
   278    192    1    2    3    5    9   10   12   24
   279    192    1    2    3    5    9   10   13   14
   280    192    1    2    3    5    9   10   13   15
   281    192    1    2    3    5    9   10   13   16
   282    192    1    2    3    5    9   10   13   17
   283    192    1    2    3    5    9   10   13   18
   284    192    1    2    3    5    9   10   13   19
   285    192    1    2    3    5    9   10   13   20
   286    192    1    2    3    5    9   10   13   21
   287    192    1    2    3    5    9   10   13   22
   288    192    1    2    3    5    9   10   13   23
   289    192    1    2    3    5    9   10   13   24
   290    192    1    2    3    5    9   10   14   15
   291    192    1    2    3    5    9   10   14   16
   292    192    1    2    3    5    9   10   14   17
   293    192    1    2    3    5    9   10   14   18
   294    192    1    2    3    5    9   10   14   19
   295    192    1    2    3    5    9   10   14   20
   296    192    1    2    3    5    9   10   14   21
   297     96    1    2    3    5    9   10   14   22
   298    192    1    2    3    5    9   10   14   23
   299    192    1    2    3    5    9   10   14   24
   300    192    1    2    3    5    9   10   15   17
   301    192    1    2    3    5    9   10   15   18
   302    192    1    2    3    5    9   10   15   19
   303    192    1    2    3    5    9   10   15   20
   304    192    1    2    3    5    9   10   15   21
   305    192    1    2    3    5    9   10   15   22
   306    192    1    2    3    5    9   10   15   23
   307    192    1    2    3    5    9   10   15   24
   308    192    1    2    3    5    9   10   16   17
   309    192    1    2    3    5    9   10   16   18
   310     96    1    2    3    5    9   10   16   19
   311    192    1    2    3    5    9   10   16   20
   312    192    1    2    3    5    9   10   16   21
   313    192    1    2    3    5    9   10   16   22
   314    192    1    2    3    5    9   10   16   23
   315    192    1    2    3    5    9   10   16   24
   316    192    1    2    3    5    9   10   17   18
   317    192    1    2    3    5    9   10   17   19
   318    192    1    2    3    5    9   10   17   20
   319    192    1    2    3    5    9   10   17   21
   320     96    1    2    3    5    9   10   17   22
   321    192    1    2    3    5    9   10   17   23
   322    192    1    2    3    5    9   10   17   24
   323    192    1    2    3    5    9   10   18   19
   324    192    1    2    3    5    9   10   18   20
   325    192    1    2    3    5    9   10   18   21
   326    192    1    2    3    5    9   10   18   23
   327    192    1    2    3    5    9   10   18   24
   328    192    1    2    3    5    9   10   19   20
   329    192    1    2    3    5    9   10   19   21
   330    192    1    2    3    5    9   10   19   23
   331    192    1    2    3    5    9   10   19   24
   332    192    1    2    3    5    9   10   20   21
   333     96    1    2    3    5    9   10   20   22
   334    192    1    2    3    5    9   10   20   23
   335    192    1    2    3    5    9   10   20   24
   336     96    1    2    3    5    9   10   21   23
   337    192    1    2    3    5    9   10   21   24
   338    192    1    2    3    5    9   10   23   24
   339    192    1    2    3    5    9   11   12   13
   340    192    1    2    3    5    9   11   12   14
   341    192    1    2    3    5    9   11   12   15
   342    192    1    2    3    5    9   11   12   16
   343    192    1    2    3    5    9   11   12   17
   344    192    1    2    3    5    9   11   12   18
   345    192    1    2    3    5    9   11   12   19
   346    192    1    2    3    5    9   11   12   20
   347    192    1    2    3    5    9   11   12   21
   348    192    1    2    3    5    9   11   12   22
   349    192    1    2    3    5    9   11   12   23
   350    192    1    2    3    5    9   11   12   24
   351    192    1    2    3    5    9   11   13   14
   352    192    1    2    3    5    9   11   13   15
   353    192    1    2    3    5    9   11   13   16
   354    192    1    2    3    5    9   11   13   17
   355    192    1    2    3    5    9   11   13   18
   356    192    1    2    3    5    9   11   13   19
   357    192    1    2    3    5    9   11   13   20
   358    192    1    2    3    5    9   11   13   21
   359    192    1    2    3    5    9   11   13   22
   360    192    1    2    3    5    9   11   13   24
   361    192    1    2    3    5    9   11   14   15
   362    192    1    2    3    5    9   11   14   16
   363    192    1    2    3    5    9   11   14   17
   364    192    1    2    3    5    9   11   14   18
   365    192    1    2    3    5    9   11   14   19
   366    192    1    2    3    5    9   11   14   20
   367     96    1    2    3    5    9   11   14   21
   368    192    1    2    3    5    9   11   14   22
   369    192    1    2    3    5    9   11   14   23
   370    192    1    2    3    5    9   11   14   24
   371    192    1    2    3    5    9   11   15   17
   372    192    1    2    3    5    9   11   15   19
   373    192    1    2    3    5    9   11   15   20
   374    192    1    2    3    5    9   11   15   21
   375    192    1    2    3    5    9   11   15   22
   376    192    1    2    3    5    9   11   15   23
   377    192    1    2    3    5    9   11   15   24
   378    192    1    2    3    5    9   11   16   17
   379    192    1    2    3    5    9   11   16   18
   380    192    1    2    3    5    9   11   16   20
   381     96    1    2    3    5    9   11   16   21
   382    192    1    2    3    5    9   11   16   22
   383    192    1    2    3    5    9   11   16   23
   384    192    1    2    3    5    9   11   16   24
   385    192    1    2    3    5    9   11   17   18
   386    192    1    2    3    5    9   11   17   19
   387    192    1    2    3    5    9   11   17   20
   388    192    1    2    3    5    9   11   17   22
   389    192    1    2    3    5    9   11   17   23
   390    192    1    2    3    5    9   11   17   24
   391    192    1    2    3    5    9   11   18   19
   392    192    1    2    3    5    9   11   18   20
   393    192    1    2    3    5    9   11   18   21
   394     96    1    2    3    5    9   11   18   22
   395    192    1    2    3    5    9   11   18   23
   396    192    1    2    3    5    9   11   18   24
   397     96    1    2    3    5    9   11   19   20
   398    192    1    2    3    5    9   11   19   22
   399    192    1    2    3    5    9   11   19   23
   400    192    1    2    3    5    9   11   19   24
   401    192    1    2    3    5    9   11   20   22
   402    192    1    2    3    5    9   11   20   23
   403    192    1    2    3    5    9   11   20   24
   404     96    1    2    3    5    9   11   21   24
   405    192    1    2    3    5    9   11   22   23
   406    192    1    2    3    5    9   11   22   24
   407    192    1    2    3    5    9   11   23   24
   408    192    1    2    3    5    9   12   13   14
   409    192    1    2    3    5    9   12   13   15
   410    192    1    2    3    5    9   12   13   16
   411    192    1    2    3    5    9   12   13   17
   412    192    1    2    3    5    9   12   13   18
   413    192    1    2    3    5    9   12   13   19
   414    192    1    2    3    5    9   12   13   21
   415    192    1    2    3    5    9   12   13   22
   416    192    1    2    3    5    9   12   13   24
   417    192    1    2    3    5    9   12   14   15
   418    192    1    2    3    5    9   12   14   16
   419    192    1    2    3    5    9   12   14   17
   420    192    1    2    3    5    9   12   14   18
   421     96    1    2    3    5    9   12   14   19
   422    192    1    2    3    5    9   12   14   20
   423    192    1    2    3    5    9   12   14   21
   424    192    1    2    3    5    9   12   14   22
   425    192    1    2    3    5    9   12   14   23
   426    192    1    2    3    5    9   12   14   24
   427    192    1    2    3    5    9   12   15   19
   428    192    1    2    3    5    9   12   15   20
   429    192    1    2    3    5    9   12   15   21
   430    192    1    2    3    5    9   12   15   22
   431    192    1    2    3    5    9   12   15   23
   432    192    1    2    3    5    9   12   15   24
   433    192    1    2    3    5    9   12   16   17
   434    192    1    2    3    5    9   12   16   18
   435    192    1    2    3    5    9   12   16   20
   436    192    1    2    3    5    9   12   16   21
   437    192    1    2    3    5    9   12   16   22
   438    192    1    2    3    5    9   12   16   23
   439    192    1    2    3    5    9   12   16   24
   440    192    1    2    3    5    9   12   17   18
   441    192    1    2    3    5    9   12   17   19
   442    192    1    2    3    5    9   12   17   20
   443     96    1    2    3    5    9   12   17   21
   444    192    1    2    3    5    9   12   17   22
   445    192    1    2    3    5    9   12   17   23
   446    192    1    2    3    5    9   12   17   24
   447     96    1    2    3    5    9   12   18   19
   448    192    1    2    3    5    9   12   18   20
   449    192    1    2    3    5    9   12   18   21
   450    192    1    2    3    5    9   12   18   23
   451    192    1    2    3    5    9   12   18   24
   452     96    1    2    3    5    9   12   19   23
   453    192    1    2    3    5    9   12   20   21
   454    192    1    2    3    5    9   12   20   22
   455    192    1    2    3    5    9   12   20   23
   456    192    1    2    3    5    9   12   20   24
   457    192    1    2    3    5    9   12   21   22
   458    192    1    2    3    5    9   12   21   24
   459    192    1    2    3    5    9   12   22   23
   460     96    1    2    3    5    9   12   22   24
   461    192    1    2    3    5    9   12   23   24
   462     64    1    2    3    5    9   13   14   15
   463    192    1    2    3    5    9   13   14   16
   464    192    1    2    3    5    9   13   14   17
   465    192    1    2    3    5    9   13   14   18
   466    192    1    2    3    5    9   13   14   19
   467    192    1    2    3    5    9   13   14   21
   468    192    1    2    3    5    9   13   14   22
   469    192    1    2    3    5    9   13   15   19
   470    192    1    2    3    5    9   13   16   17
   471    192    1    2    3    5    9   13   16   18
   472    192    1    2    3    5    9   13   16   21
   473    192    1    2    3    5    9   13   16   22
   474    192    1    2    3    5    9   13   17   18
   475    192    1    2    3    5    9   13   17   19
   476    192    1    2    3    5    9   13   17   22
   477    192    1    2    3    5    9   13   18   19
   478    192    1    2    3    5    9   13   18   21
   479     96    1    2    3    5    9   13   19   21
   480     96    1    2    3    5    9   13   19   22
   481     96    1    2    3    5    9   13   21   22
   482    192    1    2    3    5    9   14   16   17
   483    192    1    2    3    5    9   14   16   18
   484    192    1    2    3    5    9   14   16   20
   485     96    1    2    3    5    9   14   16   21
   486    192    1    2    3    5    9   14   16   22
   487    192    1    2    3    5    9   14   16   23
   488    192    1    2    3    5    9   14   16   24
   489    192    1    2    3    5    9   14   17   18
   490    192    1    2    3    5    9   14   17   19
   491    192    1    2    3    5    9   14   17   20
   492     96    1    2    3    5    9   14   17   22
   493    192    1    2    3    5    9   14   17   23
   494    192    1    2    3    5    9   14   17   24
   495     96    1    2    3    5    9   14   18   19
   496    192    1    2    3    5    9   14   18   20
   497    192    1    2    3    5    9   14   18   21
   498    192    1    2    3    5    9   14   18   23
   499    192    1    2    3    5    9   14   18   24
   500     96    1    2    3    5    9   14   19   23
   501     96    1    2    3    5    9   14   20   22
   502    192    1    2    3    5    9   14   20   23
   503    192    1    2    3    5    9   14   20   24
   504     96    1    2    3    5    9   14   21   24
   505    192    1    2    3    5    9   14   23   24
   506    192    1    2    3    5    9   16   17   18
   507    192    1    2    3    5    9   16   17   20
   508    192    1    2    3    5    9   16   17   22
   509    192    1    2    3    5    9   16   17   23
   510    192    1    2    3    5    9   16   17   24
   511    192    1    2    3    5    9   16   18   20
   512    192    1    2    3    5    9   16   18   21
   513    192    1    2    3    5    9   16   18   23
   514    192    1    2    3    5    9   16   18   24
   515    192    1    2    3    5    9   16   20   22
   516    192    1    2    3    5    9   16   20   23
   517    192    1    2    3    5    9   16   20   24
   518     96    1    2    3    5    9   16   21   24
   519     96    1    2    3    5    9   16   22   23
   520    192    1    2    3    5    9   16   23   24
   521    192    1    2    3    5    9   17   18   19
   522    192    1    2    3    5    9   17   18   20
   523    192    1    2    3    5    9   17   18   23
   524    192    1    2    3    5    9   17   18   24
   525    192    1    2    3    5    9   17   19   23
   526     96    1    2    3    5    9   17   19   24
   527     96    1    2    3    5    9   17   20   22
   528    192    1    2    3    5    9   17   20   23
   529    192    1    2    3    5    9   17   20   24
   530    192    1    2    3    5    9   17   23   24
   531     96    1    2    3    5    9   18   19   23
   532     96    1    2    3    5    9   18   20   21
   533    192    1    2    3    5    9   18   20   23
   534    192    1    2    3    5    9   18   20   24
   535    192    1    2    3    5    9   18   21   24
   536    192    1    2    3    5    9   18   23   24
   537    192    1    2    3    5    9   20   23   24
   538    192    1    2    3    5   10   11   12   14
   539    192    1    2    3    5   10   11   12   16
   540    192    1    2    3    5   10   11   12   17
   541    192    1    2    3    5   10   11   12   18
   542    192    1    2    3    5   10   11   12   20
   543    192    1    2    3    5   10   11   12   23
   544    192    1    2    3    5   10   11   12   24
   545    192    1    2    3    5   10   11   14   16
   546    192    1    2    3    5   10   11   14   17
   547     96    1    2    3    5   10   11   14   18
   548    192    1    2    3    5   10   11   14   20
   549     96    1    2    3    5   10   11   14   23
   550    192    1    2    3    5   10   11   14   24
   551    192    1    2    3    5   10   11   16   17
   552    192    1    2    3    5   10   11   16   18
   553     96    1    2    3    5   10   11   16   20
   554     96    1    2    3    5   10   11   16   23
   555    192    1    2    3    5   10   11   16   24
   556     96    1    2    3    5   10   11   17   18
   557    192    1    2    3    5   10   11   17   20
   558    192    1    2    3    5   10   11   17   24
   559     96    1    2    3    5   10   11   18   20
   560    192    1    2    3    5   10   11   20   24
   561     96    1    2    3    5   10   11   23   24
   562     96    1    2    3    5   10   12   14   16
   563    192    1    2    3    5   10   12   14   17
   564    192    1    2    3    5   10   12   14   20
   565    192    1    2    3    5   10   12   14   23
   566     96    1    2    3    5   10   12   14   24
   567    192    1    2    3    5   10   12   16   17
   568     96    1    2    3    5   10   12   16   23
   569    192    1    2    3    5   10   12   17   20
   570     96    1    2    3    5   10   12   17   23
   571     96    1    2    3    5   10   12   17   24
   572     96    1    2    3    5   10   12   20   24
   573     32    1    2    3    5   10   14   16   23
   574     96    1    2    3    5   10   14   17   20
   575     96    1    2    3    5   11   12   14   17
   576    192    1    2    3    5   11   12   14   18
   577     96    1    2    3    5   11   12   14   20
   578    192    1    2    3    5   11   12   14   24
   579    192    1    2    3    5   11   12   17   18
   580     96    1    2    3    5   11   12   17   24
   581     96    1    2    3    5   11   12   18   20
   582     96    1    2    3    5   11   12   18   24
   583     32    1    2    3    5   11   14   18   20
   584     32    1    2    3    5   12   14   17   24
   585    192    1    2    3    9   10   11   12   13
   586    192    1    2    3    9   10   11   12   14
   587    192    1    2    3    9   10   11   12   15
   588    192    1    2    3    9   10   11   12   16
   589    192    1    2    3    9   10   11   13   14
   590     96    1    2    3    9   10   11   13   15
   591    192    1    2    3    9   10   11   13   16
   592    192    1    2    3    9   10   11   13   17
   593    192    1    2    3    9   10   11   13   18
   594    192    1    2    3    9   10   11   13   19
   595    192    1    2    3    9   10   11   13   20
   596    192    1    2    3    9   10   11   13   22
   597    192    1    2    3    9   10   11   13   23
   598    192    1    2    3    9   10   11   13   24
   599    192    1    2    3    9   10   11   14   15
   600    192    1    2    3    9   10   11   14   16
   601    192    1    2    3    9   10   11   14   17
   602    192    1    2    3    9   10   11   14   19
   603    192    1    2    3    9   10   11   14   20
   604    192    1    2    3    9   10   11   14   22
   605    192    1    2    3    9   10   11   14   23
   606    192    1    2    3    9   10   11   15   16
   607    192    1    2    3    9   10   11   15   19
   608    192    1    2    3    9   10   11   15   20
   609    192    1    2    3    9   10   11   15   22
   610    192    1    2    3    9   10   11   16   19
   611     96    1    2    3    9   10   12   13   14
   612    192    1    2    3    9   10   12   13   16
   613    192    1    2    3    9   10   12   13   17
   614    192    1    2    3    9   10   12   13   18
   615    192    1    2    3    9   10   12   13   19
   616    192    1    2    3    9   10   12   13   20
   617    192    1    2    3    9   10   12   13   21
   618    192    1    2    3    9   10   12   13   22
   619    192    1    2    3    9   10   12   13   23
   620    192    1    2    3    9   10   12   13   24
   621    192    1    2    3    9   10   12   14   15
   622    192    1    2    3    9   10   12   14   16
   623    192    1    2    3    9   10   12   14   17
   624    192    1    2    3    9   10   12   14   18
   625    192    1    2    3    9   10   12   14   19
   626    192    1    2    3    9   10   12   14   20
   627    192    1    2    3    9   10   12   14   21
   628    192    1    2    3    9   10   12   14   22
   629    192    1    2    3    9   10   12   14   23
   630    192    1    2    3    9   10   12   14   24
   631    192    1    2    3    9   10   12   15   16
   632    192    1    2    3    9   10   12   15   17
   633    192    1    2    3    9   10   12   15   18
   634    192    1    2    3    9   10   12   15   19
   635    192    1    2    3    9   10   12   15   20
   636    192    1    2    3    9   10   12   15   21
   637    192    1    2    3    9   10   12   15   22
   638    192    1    2    3    9   10   12   15   23
   639    192    1    2    3    9   10   12   15   24
   640    192    1    2    3    9   10   12   16   17
   641    192    1    2    3    9   10   12   16   18
   642     96    1    2    3    9   10   12   16   19
   643     96    1    2    3    9   10   12   16   20
   644    192    1    2    3    9   10   12   16   21
   645    192    1    2    3    9   10   12   16   22
   646    192    1    2    3    9   10   12   16   23
   647    192    1    2    3    9   10   12   16   24
   648    192    1    2    3    9   10   12   17   18
   649    192    1    2    3    9   10   12   17   19
   650    192    1    2    3    9   10   12   17   20
   651    192    1    2    3    9   10   12   17   21
   652    192    1    2    3    9   10   12   17   22
   653    192    1    2    3    9   10   12   17   23
   654    192    1    2    3    9   10   12   17   24
   655    192    1    2    3    9   10   12   18   19
   656    192    1    2    3    9   10   12   18   20
   657    192    1    2    3    9   10   12   18   21
   658    192    1    2    3    9   10   12   18   23
   659     96    1    2    3    9   10   12   19   20
   660    192    1    2    3    9   10   12   19   21
   661    192    1    2    3    9   10   12   19   22
   662    192    1    2    3    9   10   12   19   23
   663    192    1    2    3    9   10   12   19   24
   664    192    1    2    3    9   10   12   20   21
   665    192    1    2    3    9   10   12   20   22
   666    192    1    2    3    9   10   12   20   23
   667    192    1    2    3    9   10   12   20   24
   668    192    1    2    3    9   10   12   21   22
   669    192    1    2    3    9   10   12   21   23
   670    192    1    2    3    9   10   12   21   24
   671    192    1    2    3    9   10   12   22   23
   672     96    1    2    3    9   10   12   22   24
   673    192    1    2    3    9   10   12   23   24
   674    192    1    2    3    9   10   13   16   17
   675    192    1    2    3    9   10   13   16   18
   676    192    1    2    3    9   10   13   16   19
   677    192    1    2    3    9   10   13   16   20
   678     96    1    2    3    9   10   13   16   21
   679    192    1    2    3    9   10   13   16   22
   680    192    1    2    3    9   10   13   16   23
   681    192    1    2    3    9   10   13   16   24
   682    192    1    2    3    9   10   13   17   18
   683     96    1    2    3    9   10   13   17   19
   684    192    1    2    3    9   10   13   17   20
   685     96    1    2    3    9   10   13   17   24
   686    192    1    2    3    9   10   13   18   19
   687    192    1    2    3    9   10   13   18   20
   688     96    1    2    3    9   10   13   18   23
   689     96    1    2    3    9   10   13   19   20
   690     96    1    2    3    9   10   13   19   24
   691     96    1    2    3    9   10   13   20   22
   692    192    1    2    3    9   10   14   16   17
   693    192    1    2    3    9   10   14   16   18
   694     96    1    2    3    9   10   14   16   19
   695    192    1    2    3    9   10   14   16   20
   696    192    1    2    3    9   10   14   16   21
   697    192    1    2    3    9   10   14   16   22
   698    192    1    2    3    9   10   14   16   23
   699    192    1    2    3    9   10   14   16   24
   700    192    1    2    3    9   10   14   17   18
   701    192    1    2    3    9   10   14   17   19
   702    192    1    2    3    9   10   14   17   20
   703    192    1    2    3    9   10   14   17   21
   704     96    1    2    3    9   10   14   17   22
   705    192    1    2    3    9   10   14   17   23
   706    192    1    2    3    9   10   14   17   24
   707    192    1    2    3    9   10   14   18   19
   708    192    1    2    3    9   10   14   18   20
   709    192    1    2    3    9   10   14   18   21
   710    192    1    2    3    9   10   14   18   23
   711    192    1    2    3    9   10   14   19   20
   712    192    1    2    3    9   10   14   19   23
   713    192    1    2    3    9   10   14   19   24
   714    192    1    2    3    9   10   14   20   21
   715     96    1    2    3    9   10   14   20   22
   716    192    1    2    3    9   10   14   20   23
   717    192    1    2    3    9   10   14   20   24
   718     96    1    2    3    9   10   14   21   23
   719    192    1    2    3    9   10   14   21   24
   720    192    1    2    3    9   10   14   23   24
   721    192    1    2    3    9   10   15   18   19
   722    192    1    2    3    9   10   15   19   20
   723    192    1    2    3    9   10   15   19   21
   724    192    1    2    3    9   10   15   19   23
   725    192    1    2    3    9   10   15   19   24
   726    192    1    2    3    9   10   15   20   21
   727    192    1    2    3    9   10   15   20   22
   728    192    1    2    3    9   10   15   20   23
   729    192    1    2    3    9   10   15   20   24
   730     96    1    2    3    9   10   15   21   22
   731    192    1    2    3    9   10   15   21   23
   732    192    1    2    3    9   10   15   21   24
   733    192    1    2    3    9   10   15   22   23
   734    192    1    2    3    9   10   15   23   24
   735    192    1    2    3    9   10   16   17   19
   736    192    1    2    3    9   10   16   17   21
   737    192    1    2    3    9   10   16   17   22
   738    192    1    2    3    9   10   16   17   23
   739    192    1    2    3    9   10   16   17   24
   740     96    1    2    3    9   10   16   19   23
   741     96    1    2    3    9   10   16   20   21
   742    192    1    2    3    9   10   16   20   22
   743     96    1    2    3    9   10   16   20   24
   744     96    1    2    3    9   10   16   21   23
   745    192    1    2    3    9   10   16   21   24
   746     96    1    2    3    9   10   16   22   23
   747    192    1    2    3    9   10   16   23   24
   748     96    1    2    3    9   10   17   19   20
   749    192    1    2    3    9   10   17   19   21
   750    192    1    2    3    9   10   17   19   23
   751    192    1    2    3    9   10   17   19   24
   752    192    1    2    3    9   10   17   20   21
   753     96    1    2    3    9   10   17   20   22
   754    192    1    2    3    9   10   17   20   24
   755    192    1    2    3    9   10   17   21   24
   756    192    1    2    3    9   10   17   23   24
   757    192    1    2    3    9   10   19   23   24
   758    192    1    2    3    9   10   20   21   24
   759     96    1    2    3    9   10   21   23   24
   760     96    1    2    3    9   12   14   16   17
   761     96    1    2    3    9   12   14   16   21
   762    192    1    2    3    9   12   14   16   22
   763    192    1    2    3    9   12   14   16   23
   764    192    1    2    3    9   12   14   16   24
   765    192    1    2    3    9   12   14   17   18
   766     96    1    2    3    9   12   14   17   19
   767    192    1    2    3    9   12   14   17   20
   768     96    1    2    3    9   12   14   17   24
   769     96    1    2    3    9   12   14   18   19
   770    192    1    2    3    9   12   14   18   20
   771     96    1    2    3    9   12   14   18   23
   772    192    1    2    3    9   12   14   18   24
   773     96    1    2    3    9   12   14   20   22
   774     96    1    2    3    9   12   14   20   24
   775     96    1    2    3    9   12   16   21   24
   776     96    1    2    3    9   12   16   22   23
   777    192    1    2    3    9   12   16   22   24
   778    192    1    2    3    9   12   17   18   19
   779    192    1    2    3    9   12   17   18   20
   780    192    1    2    3    9   12   17   19   23
   781     96    1    2    3    9   12   17   19   24
   782     96    1    2    3    9   12   17   20   22
   783     96    1    2    3    9   12   17   21   24
   784    192    1    2    3    9   12   17   22   23
   785     96    1    2    3    9   12   17   22   24
   786     96    1    2    3    9   12   18   19   23
   787     96    1    2    3    9   12   18   20   21
   788     48    1    2    5    6    9   10   11   12
   789    192    1    2    5    6    9   10   11   13
   790    192    1    2    5    6    9   10   11   14
   791    192    1    2    5    6    9   10   11   15
   792    192    1    2    5    6    9   10   11   16
   793    192    1    2    5    6    9   10   11   17
   794     96    1    2    5    6    9   10   11   20
   795     96    1    2    5    6    9   10   11   23
   796    192    1    2    5    6    9   10   13   14
   797    192    1    2    5    6    9   10   13   16
   798    192    1    2    5    6    9   10   13   17
   799    192    1    2    5    6    9   10   13   18
   800    192    1    2    5    6    9   10   13   20
   801     48    1    2    5    6    9   10   13   24
   802     96    1    2    5    6    9   10   14   15
   803    192    1    2    5    6    9   10   14   16
   804    192    1    2    5    6    9   10   14   17
   805     96    1    2    5    6    9   10   14   18
   806    192    1    2    5    6    9   10   14   19
   807    192    1    2    5    6    9   10   14   20
   808    192    1    2    5    6    9   10   14   21
   809     96    1    2    5    6    9   10   14   22
   810    192    1    2    5    6    9   10   14   23
   811     96    1    2    5    6    9   10   16   17
   812     96    1    2    5    6    9   10   16   19
   813    192    1    2    5    6    9   10   16   20
   814     96    1    2    5    6    9   10   16   21
   815    192    1    2    5    6    9   10   16   23
   816     24    1    2    5    6    9   10   20   23
   817     96    1    2    5    6    9   11   12   13
   818    192    1    2    5    6    9   11   12   14
   819    192    1    2    5    6    9   11   12   16
   820    192    1    2    5    6    9   11   12   17
   821    192    1    2    5    6    9   11   12   18
   822    192    1    2    5    6    9   11   12   20
   823     96    1    2    5    6    9   11   12   24
   824    192    1    2    5    6    9   11   13   14
   825    192    1    2    5    6    9   11   13   15
   826    192    1    2    5    6    9   11   13   16
   827    192    1    2    5    6    9   11   13   17
   828    192    1    2    5    6    9   11   13   18
   829    192    1    2    5    6    9   11   13   19
   830    192    1    2    5    6    9   11   13   20
   831    192    1    2    5    6    9   11   13   21
   832    192    1    2    5    6    9   11   13   22
   833     96    1    2    5    6    9   11   13   23
   834    192    1    2    5    6    9   11   13   24
   835    192    1    2    5    6    9   11   14   15
   836    192    1    2    5    6    9   11   14   16
   837    192    1    2    5    6    9   11   14   17
   838    192    1    2    5    6    9   11   14   18
   839    192    1    2    5    6    9   11   14   19
   840    192    1    2    5    6    9   11   14   20
   841    192    1    2    5    6    9   11   14   21
   842    192    1    2    5    6    9   11   14   22
   843    192    1    2    5    6    9   11   14   23
   844    192    1    2    5    6    9   11   14   24
   845    192    1    2    5    6    9   11   15   16
   846    192    1    2    5    6    9   11   15   17
   847    192    1    2    5    6    9   11   15   18
   848    192    1    2    5    6    9   11   15   19
   849    192    1    2    5    6    9   11   15   20
   850    192    1    2    5    6    9   11   15   21
   851    192    1    2    5    6    9   11   15   22
   852    192    1    2    5    6    9   11   15   23
   853    192    1    2    5    6    9   11   15   24
   854    192    1    2    5    6    9   11   16   17
   855    192    1    2    5    6    9   11   16   18
   856    192    1    2    5    6    9   11   16   19
   857    192    1    2    5    6    9   11   16   20
   858    192    1    2    5    6    9   11   16   21
   859    192    1    2    5    6    9   11   16   22
   860    192    1    2    5    6    9   11   16   23
   861    192    1    2    5    6    9   11   16   24
   862    192    1    2    5    6    9   11   17   18
   863    192    1    2    5    6    9   11   17   19
   864    192    1    2    5    6    9   11   17   20
   865    192    1    2    5    6    9   11   17   21
   866    192    1    2    5    6    9   11   17   22
   867    192    1    2    5    6    9   11   17   23
   868    192    1    2    5    6    9   11   17   24
   869    192    1    2    5    6    9   11   18   19
   870    192    1    2    5    6    9   11   18   20
   871    192    1    2    5    6    9   11   18   21
   872    192    1    2    5    6    9   11   18   22
   873    192    1    2    5    6    9   11   18   23
   874    192    1    2    5    6    9   11   18   24
   875    192    1    2    5    6    9   11   19   20
   876    192    1    2    5    6    9   11   19   21
   877    192    1    2    5    6    9   11   19   22
   878    192    1    2    5    6    9   11   19   23
   879    192    1    2    5    6    9   11   19   24
   880    192    1    2    5    6    9   11   20   21
   881    192    1    2    5    6    9   11   20   22
   882     96    1    2    5    6    9   11   20   24
   883    192    1    2    5    6    9   11   21   22
   884    192    1    2    5    6    9   11   21   23
   885    192    1    2    5    6    9   11   21   24
   886    192    1    2    5    6    9   11   22   23
   887    192    1    2    5    6    9   11   22   24
   888     96    1    2    5    6    9   13   14   15
   889    192    1    2    5    6    9   13   14   16
   890    192    1    2    5    6    9   13   14   17
   891    192    1    2    5    6    9   13   14   18
   892    192    1    2    5    6    9   13   14   19
   893    192    1    2    5    6    9   13   14   21
   894    192    1    2    5    6    9   13   14   22
   895    192    1    2    5    6    9   13   14   24
   896    192    1    2    5    6    9   13   16   17
   897    192    1    2    5    6    9   13   16   18
   898    192    1    2    5    6    9   13   16   19
   899     96    1    2    5    6    9   13   16   21
   900    192    1    2    5    6    9   13   16   22
   901    192    1    2    5    6    9   13   16   24
   902    192    1    2    5    6    9   13   17   18
   903     96    1    2    5    6    9   13   17   19
   904    192    1    2    5    6    9   13   17   22
   905    192    1    2    5    6    9   13   17   24
   906     96    1    2    5    6    9   13   18   22
   907    192    1    2    5    6    9   13   18   24
   908    192    1    2    5    6    9   14   15   16
   909    192    1    2    5    6    9   14   15   17
   910    192    1    2    5    6    9   14   15   18
   911    192    1    2    5    6    9   14   15   20
   912     96    1    2    5    6    9   14   15   24
   913    192    1    2    5    6    9   14   16   17
   914    192    1    2    5    6    9   14   16   18
   915    192    1    2    5    6    9   14   16   19
   916     96    1    2    5    6    9   14   16   20
   917    192    1    2    5    6    9   14   16   21
   918    192    1    2    5    6    9   14   16   22
   919    192    1    2    5    6    9   14   16   23
   920    192    1    2    5    6    9   14   16   24
   921    192    1    2    5    6    9   14   17   18
   922    192    1    2    5    6    9   14   17   19
   923    192    1    2    5    6    9   14   17   20
   924    192    1    2    5    6    9   14   17   21
   925    192    1    2    5    6    9   14   17   22
   926     96    1    2    5    6    9   14   17   23
   927    192    1    2    5    6    9   14   17   24
   928    192    1    2    5    6    9   14   18   19
   929    192    1    2    5    6    9   14   18   20
   930    192    1    2    5    6    9   14   18   21
   931    192    1    2    5    6    9   14   18   22
   932    192    1    2    5    6    9   14   18   23
   933    192    1    2    5    6    9   14   18   24
   934    192    1    2    5    6    9   14   19   20
   935    192    1    2    5    6    9   14   19   21
   936    192    1    2    5    6    9   14   19   22
   937    192    1    2    5    6    9   14   19   23
   938    192    1    2    5    6    9   14   19   24
   939    192    1    2    5    6    9   14   20   21
   940    192    1    2    5    6    9   14   20   22
   941    192    1    2    5    6    9   14   21   22
   942    192    1    2    5    6    9   14   21   24
   943    192    1    2    5    6    9   14   22   23
   944    192    1    2    5    6    9   14   22   24
   945    192    1    2    5    6    9   16   17   18
   946    192    1    2    5    6    9   16   17   19
   947    192    1    2    5    6    9   16   17   21
   948    192    1    2    5    6    9   16   17   22
   949    192    1    2    5    6    9   16   17   24
   950    192    1    2    5    6    9   16   18   19
   951    192    1    2    5    6    9   16   18   21
   952    192    1    2    5    6    9   16   18   22
   953    192    1    2    5    6    9   16   18   23
   954    192    1    2    5    6    9   16   18   24
   955    192    1    2    5    6    9   16   19   22
   956    192    1    2    5    6    9   16   19   23
   957    192    1    2    5    6    9   16   19   24
   958     96    1    2    5    6    9   16   21   24
   959     96    1    2    5    6    9   16   22   23
   960    192    1    2    5    6    9   16   22   24
   961    192    1    2    5    6    9   17   18   19
   962    192    1    2    5    6    9   17   18   22
   963    192    1    2    5    6    9   17   18   24
   964     96    1    2    5    6    9   17   19   24
   965     96    1    2    5    6    9   17   20   22
   966    192    1    2    5    6    9   17   22   24
   967     96    1    2    5    6    9   18   22   24
   968    192    1    2    5    6   11   12   13   14
   969    192    1    2    5    6   11   12   13   16
   970    192    1    2    5    6   11   12   13   17
   971    192    1    2    5    6   11   12   13   18
   972     24    1    2    5    6   11   12   13   24
   973     96    1    2    5    6   11   12   14   15
   974    192    1    2    5    6   11   12   14   16
   975    192    1    2    5    6   11   12   14   17
   976     96    1    2    5    6   11   12   14   18
   977    192    1    2    5    6   11   12   14   19
   978    192    1    2    5    6   11   12   14   21
   979     96    1    2    5    6   11   12   14   22
   980     96    1    2    5    6   11   12   16   17
   981     96    1    2    5    6   11   12   16   19
   982     96    1    2    5    6   11   12   16   21
   983    192    1    2    5    6   11   13   14   15
   984    192    1    2    5    6   11   13   14   16
   985     96    1    2    5    6   11   13   14   17
   986    192    1    2    5    6   11   13   14   18
   987    192    1    2    5    6   11   13   14   19
   988    192    1    2    5    6   11   13   14   21
   989    192    1    2    5    6   11   13   14   22
   990    192    1    2    5    6   11   13   15   16
   991    192    1    2    5    6   11   13   15   18
   992    192    1    2    5    6   11   13   15   19
   993     96    1    2    5    6   11   13   15   21
   994    192    1    2    5    6   11   13   15   22
   995    192    1    2    5    6   11   13   16   18
   996    192    1    2    5    6   11   13   16   19
   997     96    1    2    5    6   11   13   16   22
   998     96    1    2    5    6   11   13   18   19
   999    192    1    2    5    6   11   14   15   16
  1000    192    1    2    5    6   11   14   15   17
  1001    192    1    2    5    6   11   14   15   18
  1002    192    1    2    5    6   11   14   15   19
  1003    192    1    2    5    6   11   14   15   21
  1004    192    1    2    5    6   11   14   15   22
  1005    192    1    2    5    6   11   14   16   17
  1006    192    1    2    5    6   11   14   16   18
  1007    192    1    2    5    6   11   14   16   19
  1008    192    1    2    5    6   11   14   16   21
  1009    192    1    2    5    6   11   14   16   22
  1010    192    1    2    5    6   11   14   17   18
  1011    192    1    2    5    6   11   14   17   19
  1012    192    1    2    5    6   11   14   17   21
  1013    192    1    2    5    6   11   14   17   22
  1014    192    1    2    5    6   11   14   19   21
  1015    192    1    2    5    6   11   14   19   22
  1016    192    1    2    5    6   11   14   21   22
  1017    192    1    2    5    6   11   15   16   17
  1018    192    1    2    5    6   11   15   16   19
  1019    192    1    2    5    6   11   15   16   21
  1020    192    1    2    5    6   11   15   16   22
  1021    192    1    2    5    6   11   15   17   19
  1022    192    1    2    5    6   11   15   17   21
  1023    192    1    2    5    6   11   15   17   22
  1024    192    1    2    5    6   11   15   19   21
  1025    192    1    2    5    6   11   16   17   19
  1026    192    1    2    5    6   11   16   17   21
  1027    192    1    2    5    6   14   15   16   17
  1028    192    1    2    5    6   14   15   16   18
  1029     96    1    2    5    6   14   15   16   19
  1030     96    1    2    5    6   14   15   16   21
  1031    192    1    2    5    6   14   15   16   22
  1032    192    1    2    5    6   14   15   17   18
  1033     96    1    2    5    6   14   15   17   19
  1034    192    1    2    5    6   14   15   17   22
  1035     48    1    2    5    6   14   15   18   22
  1036    192    1    2    5    6   14   16   17   18
  1037     48    1    2    5    6   14   16   17   22
  1038     96    1    2    5    6   14   16   18   21
  1039     48    1    2    5    6   14   19   21   22
  1040     96    1    2    5    7    9   10   11   12
  1041    192    1    2    5    7    9   10   11   13
  1042    192    1    2    5    7    9   10   11   14
  1043    192    1    2    5    7    9   10   11   15
  1044    192    1    2    5    7    9   10   11   16
  1045    192    1    2    5    7    9   10   11   18
  1046     96    1    2    5    7    9   10   11   19
  1047     96    1    2    5    7    9   10   11   22
  1048    192    1    2    5    7    9   10   12   13
  1049    192    1    2    5    7    9   10   12   14
  1050    192    1    2    5    7    9   10   12   15
  1051    192    1    2    5    7    9   10   12   16
  1052    192    1    2    5    7    9   10   12   17
  1053    192    1    2    5    7    9   10   12   18
  1054    192    1    2    5    7    9   10   12   19
  1055    192    1    2    5    7    9   10   12   20
  1056    192    1    2    5    7    9   10   12   21
  1057    192    1    2    5    7    9   10   12   22
  1058    192    1    2    5    7    9   10   12   23
  1059    192    1    2    5    7    9   10   12   24
  1060    192    1    2    5    7    9   10   13   14
  1061    192    1    2    5    7    9   10   13   16
  1062    192    1    2    5    7    9   10   13   17
  1063    192    1    2    5    7    9   10   13   18
  1064    192    1    2    5    7    9   10   13   19
  1065    192    1    2    5    7    9   10   13   20
  1066    192    1    2    5    7    9   10   13   21
  1067    192    1    2    5    7    9   10   13   22
  1068    192    1    2    5    7    9   10   13   23
  1069     96    1    2    5    7    9   10   13   24
  1070    192    1    2    5    7    9   10   14   16
  1071    192    1    2    5    7    9   10   14   17
  1072    192    1    2    5    7    9   10   14   18
  1073     96    1    2    5    7    9   10   14   19
  1074    192    1    2    5    7    9   10   14   20
  1075    192    1    2    5    7    9   10   14   21
  1076    192    1    2    5    7    9   10   14   22
  1077    192    1    2    5    7    9   10   14   23
  1078    192    1    2    5    7    9   10   14   24
  1079    192    1    2    5    7    9   10   15   16
  1080    192    1    2    5    7    9   10   15   17
  1081     48    1    2    5    7    9   10   15   18
  1082    192    1    2    5    7    9   10   15   19
  1083     96    1    2    5    7    9   10   15   20
  1084     96    1    2    5    7    9   10   15   21
  1085    192    1    2    5    7    9   10   16   17
  1086     96    1    2    5    7    9   10   16   19
  1087    192    1    2    5    7    9   10   16   20
  1088    192    1    2    5    7    9   10   16   21
  1089    192    1    2    5    7    9   10   16   22
  1090    192    1    2    5    7    9   10   16   23
  1091    192    1    2    5    7    9   10   16   24
  1092    192    1    2    5    7    9   10   17   19
  1093    192    1    2    5    7    9   10   17   20
  1094    192    1    2    5    7    9   10   17   21
  1095    192    1    2    5    7    9   10   17   22
  1096    192    1    2    5    7    9   10   17   23
  1097     96    1    2    5    7    9   10   17   24
  1098     96    1    2    5    7    9   10   18   19
  1099    192    1    2    5    7    9   10   18   20
  1100     96    1    2    5    7    9   10   18   23
  1101     96    1    2    5    7    9   10   19   20
  1102     96    1    2    5    7    9   10   19   21
  1103    192    1    2    5    7    9   10   19   22
  1104    192    1    2    5    7    9   10   19   23
  1105     96    1    2    5    7    9   10   19   24
  1106    192    1    2    5    7    9   10   20   21
  1107    192    1    2    5    7    9   10   20   22
  1108     96    1    2    5    7    9   10   20   23
  1109    192    1    2    5    7    9   10   21   22
  1110     96    1    2    5    7    9   10   21   23
  1111    192    1    2    5    7    9   10   22   23
  1112    192    1    2    5    7    9   11   12   13
  1113    192    1    2    5    7    9   11   12   14
  1114    192    1    2    5    7    9   11   12   16
  1115    192    1    2    5    7    9   11   12   18
  1116     96    1    2    5    7    9   11   12   19
  1117     96    1    2    5    7    9   11   12   22
  1118    192    1    2    5    7    9   11   13   16
  1119     96    1    2    5    7    9   11   13   17
  1120    192    1    2    5    7    9   11   13   18
  1121    192    1    2    5    7    9   11   13   19
  1122    192    1    2    5    7    9   11   13   20
  1123    192    1    2    5    7    9   11   13   21
  1124    192    1    2    5    7    9   11   13   22
  1125    192    1    2    5    7    9   11   13   24
  1126    192    1    2    5    7    9   11   14   16
  1127     96    1    2    5    7    9   11   14   18
  1128     96    1    2    5    7    9   11   14   20
  1129     24    1    2    5    7    9   11   14   21
  1130     96    1    2    5    7    9   11   16   18
  1131     48    1    2    5    7    9   11   16   20
  1132    192    1    2    5    7    9   11   16   22
  1133    192    1    2    5    7    9   11   16   24
  1134    192    1    2    5    7    9   11   18   19
  1135    192    1    2    5    7    9   11   18   22
  1136     48    1    2    5    7    9   11   18   24
  1137     96    1    2    5    7    9   11   19   22
  1138    192    1    2    5    7    9   12   13   16
  1139    192    1    2    5    7    9   12   13   17
  1140     96    1    2    5    7    9   12   13   18
  1141    192    1    2    5    7    9   12   13   19
  1142     48    1    2    5    7    9   12   13   20
  1143     96    1    2    5    7    9   12   13   21
  1144    192    1    2    5    7    9   12   16   21
  1145     96    1    2    5    7    9   12   16   22
  1146     96    1    2    5    7    9   12   16   23
  1147     96    1    2    5    7    9   12   17   18
  1148    192    1    2    5    7    9   12   17   19
  1149     96    1    2    5    7    9   12   17   20
  1150     96    1    2    5    7    9   12   17   21
  1151    192    1    2    5    7    9   12   17   22
  1152    192    1    2    5    7    9   12   17   23
  1153    192    1    2    5    7    9   12   17   24
  1154    192    1    2    5    7    9   12   18   19
  1155    192    1    2    5    7    9   12   18   20
  1156    192    1    2    5    7    9   12   18   21
  1157     96    1    2    5    7    9   12   18   22
  1158    192    1    2    5    7    9   12   18   23
  1159    192    1    2    5    7    9   12   19   22
  1160    192    1    2    5    7    9   12   19   23
  1161    192    1    2    5    7    9   12   19   24
  1162     96    1    2    5    7    9   12   20   22
  1163     96    1    2    5    7    9   12   21   22
  1164    192    1    2    5    7    9   12   21   24
  1165    192    1    2    5    7    9   12   22   23
  1166     96    1    2    5    7    9   12   22   24
  1167     24    1    2    5    7    9   16   21   24
  1168     96    1    2    5    7    9   16   22   23
  1169    192    1    2    5    7    9   17   19   22
  1170    192    1    2    5    7    9   17   19   23
  1171     48    1    2    5    7    9   17   20   22
  1172     48    1    2    5    7    9   18   19   23
  1173     24    1    2    5    7    9   18   20   21
  1174     96    1    2    5    7   10   12   13   15
  1175     96    1    2    5    7   10   12   13   17
  1176     96    1    2    5    7   10   12   13   19
  1177     96    1    2    5    7   10   12   13   22
  1178     96    1    2    5    7   10   12   13   23
  1179     96    1    2    5    7   10   12   15   19
  1180     96    1    2    5    7   10   12   15   22
  1181     96    1    2    5    7   10   12   15   23
  1182     24    1    2    5    7   10   12   19   22
  1183     24    1    2    5    7   10   13   17   19
  1184     12    1    2    5    7   10   15   19   23
  1185     12    1    2    5    7   12   13   17   22
  1186    192    1    2    5    9   10   11   12   13
  1187    192    1    2    5    9   10   11   12   14
  1188    192    1    2    5    9   10   11   12   15
  1189    192    1    2    5    9   10   11   12   16
  1190    192    1    2    5    9   10   11   12   17
  1191    192    1    2    5    9   10   11   12   18
  1192    192    1    2    5    9   10   11   12   19
  1193    192    1    2    5    9   10   11   12   20
  1194    192    1    2    5    9   10   11   12   21
  1195    192    1    2    5    9   10   11   12   22
  1196    192    1    2    5    9   10   11   12   23
  1197    192    1    2    5    9   10   11   12   24
  1198    192    1    2    5    9   10   11   13   14
  1199    192    1    2    5    9   10   11   13   15
  1200    192    1    2    5    9   10   11   13   16
  1201    192    1    2    5    9   10   11   13   17
  1202    192    1    2    5    9   10   11   13   18
  1203    192    1    2    5    9   10   11   13   19
  1204    192    1    2    5    9   10   11   13   20
  1205    192    1    2    5    9   10   11   13   21
  1206    192    1    2    5    9   10   11   13   22
  1207    192    1    2    5    9   10   11   13   23
  1208    192    1    2    5    9   10   11   13   24
  1209    192    1    2    5    9   10   11   14   15
  1210    192    1    2    5    9   10   11   14   16
  1211    192    1    2    5    9   10   11   14   17
  1212    192    1    2    5    9   10   11   14   18
  1213    192    1    2    5    9   10   11   14   19
  1214    192    1    2    5    9   10   11   14   20
  1215    192    1    2    5    9   10   11   14   21
  1216    192    1    2    5    9   10   11   14   22
  1217    192    1    2    5    9   10   11   14   23
  1218    192    1    2    5    9   10   11   14   24
  1219    192    1    2    5    9   10   11   15   16
  1220    192    1    2    5    9   10   11   15   17
  1221    192    1    2    5    9   10   11   15   18
  1222    192    1    2    5    9   10   11   15   19
  1223    192    1    2    5    9   10   11   15   20
  1224    192    1    2    5    9   10   11   15   21
  1225    192    1    2    5    9   10   11   15   22
  1226    192    1    2    5    9   10   11   15   23
  1227    192    1    2    5    9   10   11   15   24
  1228    192    1    2    5    9   10   11   16   17
  1229    192    1    2    5    9   10   11   16   18
  1230    192    1    2    5    9   10   11   16   19
  1231    192    1    2    5    9   10   11   16   20
  1232    192    1    2    5    9   10   11   16   21
  1233    192    1    2    5    9   10   11   16   22
  1234    192    1    2    5    9   10   11   16   23
  1235    192    1    2    5    9   10   11   16   24
  1236    192    1    2    5    9   10   11   17   18
  1237    192    1    2    5    9   10   11   17   19
  1238    192    1    2    5    9   10   11   17   20
  1239    192    1    2    5    9   10   11   17   21
  1240    192    1    2    5    9   10   11   17   22
  1241    192    1    2    5    9   10   11   17   23
  1242    192    1    2    5    9   10   11   17   24
  1243    192    1    2    5    9   10   11   18   19
  1244    192    1    2    5    9   10   11   18   20
  1245    192    1    2    5    9   10   11   18   21
  1246    192    1    2    5    9   10   11   18   22
  1247    192    1    2    5    9   10   11   18   23
  1248     96    1    2    5    9   10   11   18   24
  1249    192    1    2    5    9   10   11   19   20
  1250    192    1    2    5    9   10   11   19   21
  1251    192    1    2    5    9   10   11   19   22
  1252    192    1    2    5    9   10   11   19   23
  1253    192    1    2    5    9   10   11   19   24
  1254    192    1    2    5    9   10   11   20   21
  1255    192    1    2    5    9   10   11   20   22
  1256    192    1    2    5    9   10   11   20   23
  1257    192    1    2    5    9   10   11   20   24
  1258    192    1    2    5    9   10   11   21   22
  1259     96    1    2    5    9   10   11   21   23
  1260    192    1    2    5    9   10   11   21   24
  1261    192    1    2    5    9   10   11   22   23
  1262    192    1    2    5    9   10   11   22   24
  1263    192    1    2    5    9   10   11   23   24
  1264    192    1    2    5    9   10   12   13   14
  1265    192    1    2    5    9   10   12   13   15
  1266    192    1    2    5    9   10   12   13   16
  1267    192    1    2    5    9   10   12   13   17
  1268    192    1    2    5    9   10   12   13   18
  1269    192    1    2    5    9   10   12   13   19
  1270    192    1    2    5    9   10   12   13   20
  1271    192    1    2    5    9   10   12   13   21
  1272    192    1    2    5    9   10   12   13   22
  1273    192    1    2    5    9   10   12   13   23
  1274    192    1    2    5    9   10   12   13   24
  1275    192    1    2    5    9   10   12   14   15
  1276    192    1    2    5    9   10   12   14   16
  1277    192    1    2    5    9   10   12   14   17
  1278    192    1    2    5    9   10   12   14   18
  1279    192    1    2    5    9   10   12   14   19
  1280    192    1    2    5    9   10   12   14   20
  1281    192    1    2    5    9   10   12   14   21
  1282    192    1    2    5    9   10   12   14   22
  1283    192    1    2    5    9   10   12   14   23
  1284    192    1    2    5    9   10   12   14   24
  1285    192    1    2    5    9   10   12   15   16
  1286    192    1    2    5    9   10   12   15   17
  1287    192    1    2    5    9   10   12   15   18
  1288    192    1    2    5    9   10   12   15   19
  1289    192    1    2    5    9   10   12   15   20
  1290    192    1    2    5    9   10   12   15   21
  1291    192    1    2    5    9   10   12   15   22
  1292    192    1    2    5    9   10   12   15   23
  1293    192    1    2    5    9   10   12   15   24
  1294    192    1    2    5    9   10   12   16   17
  1295    192    1    2    5    9   10   12   16   18
  1296    192    1    2    5    9   10   12   16   19
  1297    192    1    2    5    9   10   12   16   20
  1298    192    1    2    5    9   10   12   16   21
  1299    192    1    2    5    9   10   12   16   22
  1300    192    1    2    5    9   10   12   16   23
  1301    192    1    2    5    9   10   12   16   24
  1302    192    1    2    5    9   10   12   17   18
  1303    192    1    2    5    9   10   12   17   19
  1304    192    1    2    5    9   10   12   17   20
  1305    192    1    2    5    9   10   12   17   21
  1306    192    1    2    5    9   10   12   17   22
  1307    192    1    2    5    9   10   12   17   23
  1308    192    1    2    5    9   10   12   17   24
  1309    192    1    2    5    9   10   12   18   19
  1310    192    1    2    5    9   10   12   18   20
  1311    192    1    2    5    9   10   12   18   21
  1312     96    1    2    5    9   10   12   18   22
  1313    192    1    2    5    9   10   12   18   23
  1314    192    1    2    5    9   10   12   19   20
  1315    192    1    2    5    9   10   12   19   21
  1316    192    1    2    5    9   10   12   19   22
  1317    192    1    2    5    9   10   12   19   23
  1318    192    1    2    5    9   10   12   19   24
  1319    192    1    2    5    9   10   12   20   21
  1320    192    1    2    5    9   10   12   20   22
  1321    192    1    2    5    9   10   12   20   23
  1322    192    1    2    5    9   10   12   20   24
  1323    192    1    2    5    9   10   12   21   22
  1324    192    1    2    5    9   10   12   21   23
  1325    192    1    2    5    9   10   12   21   24
  1326    192    1    2    5    9   10   12   22   23
  1327    192    1    2    5    9   10   12   22   24
  1328    192    1    2    5    9   10   12   23   24
  1329    192    1    2    5    9   10   13   14   15
  1330    192    1    2    5    9   10   13   14   16
  1331    192    1    2    5    9   10   13   14   17
  1332    192    1    2    5    9   10   13   14   18
  1333    192    1    2    5    9   10   13   14   19
  1334    192    1    2    5    9   10   13   14   20
  1335    192    1    2    5    9   10   13   14   21
  1336    192    1    2    5    9   10   13   14   22
  1337    192    1    2    5    9   10   13   14   23
  1338    192    1    2    5    9   10   13   14   24
  1339    192    1    2    5    9   10   13   15   16
  1340    192    1    2    5    9   10   13   15   17
  1341    192    1    2    5    9   10   13   15   18
  1342    192    1    2    5    9   10   13   15   19
  1343    192    1    2    5    9   10   13   15   20
  1344    192    1    2    5    9   10   13   15   21
  1345    192    1    2    5    9   10   13   15   22
  1346    192    1    2    5    9   10   13   15   23
  1347    192    1    2    5    9   10   13   15   24
  1348    192    1    2    5    9   10   13   16   17
  1349    192    1    2    5    9   10   13   16   18
  1350    192    1    2    5    9   10   13   16   19
  1351    192    1    2    5    9   10   13   16   20
  1352    192    1    2    5    9   10   13   16   21
  1353    192    1    2    5    9   10   13   16   22
  1354    192    1    2    5    9   10   13   16   23
  1355    192    1    2    5    9   10   13   16   24
  1356     96    1    2    5    9   10   13   17   18
  1357    192    1    2    5    9   10   13   17   19
  1358    192    1    2    5    9   10   13   17   20
  1359    192    1    2    5    9   10   13   17   21
  1360    192    1    2    5    9   10   13   17   22
  1361    192    1    2    5    9   10   13   17   23
  1362    192    1    2    5    9   10   13   17   24
  1363    192    1    2    5    9   10   13   18   19
  1364    192    1    2    5    9   10   13   18   20
  1365    192    1    2    5    9   10   13   18   21
  1366    192    1    2    5    9   10   13   18   23
  1367    192    1    2    5    9   10   13   19   20
  1368    192    1    2    5    9   10   13   19   21
  1369    192    1    2    5    9   10   13   19   22
  1370    192    1    2    5    9   10   13   19   23
  1371    192    1    2    5    9   10   13   19   24
  1372    192    1    2    5    9   10   13   20   21
  1373    192    1    2    5    9   10   13   20   22
  1374    192    1    2    5    9   10   13   20   24
  1375    192    1    2    5    9   10   13   21   22
  1376    192    1    2    5    9   10   13   21   23
  1377    192    1    2    5    9   10   13   21   24
  1378    192    1    2    5    9   10   13   22   23
  1379    192    1    2    5    9   10   13   22   24
  1380    192    1    2    5    9   10   13   23   24
  1381    192    1    2    5    9   10   14   15   16
  1382    192    1    2    5    9   10   14   15   17
  1383    192    1    2    5    9   10   14   15   18
  1384    192    1    2    5    9   10   14   15   19
  1385    192    1    2    5    9   10   14   15   20
  1386    192    1    2    5    9   10   14   15   21
  1387    192    1    2    5    9   10   14   15   22
  1388    192    1    2    5    9   10   14   15   23
  1389    192    1    2    5    9   10   14   15   24
  1390    192    1    2    5    9   10   14   16   17
  1391     96    1    2    5    9   10   14   16   18
  1392    192    1    2    5    9   10   14   16   19
  1393    192    1    2    5    9   10   14   16   20
  1394    192    1    2    5    9   10   14   16   21
  1395    192    1    2    5    9   10   14   16   22
  1396    192    1    2    5    9   10   14   16   23
  1397    192    1    2    5    9   10   14   16   24
  1398    192    1    2    5    9   10   14   17   19
  1399    192    1    2    5    9   10   14   17   20
  1400    192    1    2    5    9   10   14   17   21
  1401    192    1    2    5    9   10   14   17   22
  1402    192    1    2    5    9   10   14   17   23
  1403    192    1    2    5    9   10   14   17   24
  1404    192    1    2    5    9   10   14   18   19
  1405    192    1    2    5    9   10   14   18   20
  1406    192    1    2    5    9   10   14   18   21
  1407    192    1    2    5    9   10   14   18   23
  1408    192    1    2    5    9   10   14   19   20
  1409    192    1    2    5    9   10   14   19   21
  1410    192    1    2    5    9   10   14   19   22
  1411    192    1    2    5    9   10   14   19   23
  1412    192    1    2    5    9   10   14   19   24
  1413    192    1    2    5    9   10   14   20   21
  1414    192    1    2    5    9   10   14   20   22
  1415    192    1    2    5    9   10   14   20   23
  1416    192    1    2    5    9   10   14   20   24
  1417    192    1    2    5    9   10   14   21   22
  1418     96    1    2    5    9   10   14   21   23
  1419    192    1    2    5    9   10   14   21   24
  1420    192    1    2    5    9   10   14   22   23
  1421    192    1    2    5    9   10   14   22   24
  1422    192    1    2    5    9   10   14   23   24
  1423    192    1    2    5    9   10   15   16   17
  1424    192    1    2    5    9   10   15   16   19
  1425    192    1    2    5    9   10   15   16   20
  1426    192    1    2    5    9   10   15   16   21
  1427    192    1    2    5    9   10   15   16   22
  1428    192    1    2    5    9   10   15   16   23
  1429    192    1    2    5    9   10   15   16   24
  1430    192    1    2    5    9   10   15   17   19
  1431    192    1    2    5    9   10   15   17   20
  1432    192    1    2    5    9   10   15   17   21
  1433    192    1    2    5    9   10   15   17   22
  1434    192    1    2    5    9   10   15   17   23
  1435    192    1    2    5    9   10   15   17   24
  1436     96    1    2    5    9   10   15   18   19
  1437    192    1    2    5    9   10   15   18   20
  1438     96    1    2    5    9   10   15   18   23
  1439    192    1    2    5    9   10   15   19   20
  1440    192    1    2    5    9   10   15   19   21
  1441    192    1    2    5    9   10   15   19   22
  1442    192    1    2    5    9   10   15   19   23
  1443    192    1    2    5    9   10   15   19   24
  1444    192    1    2    5    9   10   15   20   21
  1445    192    1    2    5    9   10   15   20   22
  1446    192    1    2    5    9   10   15   20   23
  1447    192    1    2    5    9   10   15   20   24
  1448    192    1    2    5    9   10   15   21   22
  1449    192    1    2    5    9   10   15   21   23
  1450    192    1    2    5    9   10   15   21   24
  1451    192    1    2    5    9   10   15   22   23
  1452    192    1    2    5    9   10   15   22   24
  1453    192    1    2    5    9   10   15   23   24
  1454    192    1    2    5    9   10   16   17   19
  1455    192    1    2    5    9   10   16   17   20
  1456    192    1    2    5    9   10   16   17   21
  1457    192    1    2    5    9   10   16   17   22
  1458    192    1    2    5    9   10   16   17   23
  1459    192    1    2    5    9   10   16   17   24
  1460    192    1    2    5    9   10   16   19   20
  1461    192    1    2    5    9   10   16   19   21
  1462    192    1    2    5    9   10   16   19   22
  1463    192    1    2    5    9   10   16   19   23
  1464    192    1    2    5    9   10   16   19   24
  1465    192    1    2    5    9   10   16   20   21
  1466    192    1    2    5    9   10   16   20   22
  1467    192    1    2    5    9   10   16   20   24
  1468    192    1    2    5    9   10   16   21   22
  1469     96    1    2    5    9   10   16   21   23
  1470    192    1    2    5    9   10   16   21   24
  1471    192    1    2    5    9   10   16   22   23
  1472    192    1    2    5    9   10   16   22   24
  1473    192    1    2    5    9   10   16   23   24
  1474    192    1    2    5    9   10   17   19   20
  1475    192    1    2    5    9   10   17   19   21
  1476    192    1    2    5    9   10   17   19   22
  1477    192    1    2    5    9   10   17   19   23
  1478    192    1    2    5    9   10   17   19   24
  1479    192    1    2    5    9   10   17   20   21
  1480    192    1    2    5    9   10   17   20   22
  1481    192    1    2    5    9   10   17   20   23
  1482    192    1    2    5    9   10   17   20   24
  1483    192    1    2    5    9   10   17   21   22
  1484    192    1    2    5    9   10   17   21   24
  1485    192    1    2    5    9   10   17   22   23
  1486    192    1    2    5    9   10   17   22   24
  1487    192    1    2    5    9   10   17   23   24
  1488    192    1    2    5    9   10   18   19   20
  1489     96    1    2    5    9   10   18   19   23
  1490     96    1    2    5    9   10   18   20   21
  1491    192    1    2    5    9   10   18   20   23
  1492    192    1    2    5    9   10   19   20   21
  1493    192    1    2    5    9   10   19   20   22
  1494    192    1    2    5    9   10   19   20   24
  1495    192    1    2    5    9   10   19   21   22
  1496    192    1    2    5    9   10   19   21   24
  1497    192    1    2    5    9   10   19   22   23
  1498    192    1    2    5    9   10   19   22   24
  1499    192    1    2    5    9   10   19   23   24
  1500    192    1    2    5    9   10   20   21   22
  1501    192    1    2    5    9   10   20   21   24
  1502    192    1    2    5    9   10   20   22   24
  1503    192    1    2    5    9   10   21   22   24
  1504     96    1    2    5    9   10   21   23   24
  1505    192    1    2    5    9   10   22   23   24
  1506    192    1    2    5    9   11   12   13   14
  1507    192    1    2    5    9   11   12   13   15
  1508    192    1    2    5    9   11   12   13   16
  1509    192    1    2    5    9   11   12   13   17
  1510    192    1    2    5    9   11   12   13   18
  1511    192    1    2    5    9   11   12   13   19
  1512    192    1    2    5    9   11   12   13   20
  1513    192    1    2    5    9   11   12   13   21
  1514    192    1    2    5    9   11   12   13   22
  1515    192    1    2    5    9   11   12   13   23
  1516    192    1    2    5    9   11   12   13   24
  1517    192    1    2    5    9   11   12   14   15
  1518    192    1    2    5    9   11   12   14   16
  1519    192    1    2    5    9   11   12   14   17
  1520    192    1    2    5    9   11   12   14   18
  1521    192    1    2    5    9   11   12   14   19
  1522    192    1    2    5    9   11   12   14   20
  1523    192    1    2    5    9   11   12   14   21
  1524    192    1    2    5    9   11   12   14   22
  1525    192    1    2    5    9   11   12   14   23
  1526    192    1    2    5    9   11   12   14   24
  1527    192    1    2    5    9   11   12   15   16
  1528    192    1    2    5    9   11   12   15   17
  1529    192    1    2    5    9   11   12   15   18
  1530    192    1    2    5    9   11   12   15   19
  1531    192    1    2    5    9   11   12   15   20
  1532    192    1    2    5    9   11   12   15   21
  1533    192    1    2    5    9   11   12   15   22
  1534    192    1    2    5    9   11   12   15   23
  1535    192    1    2    5    9   11   12   15   24
  1536    192    1    2    5    9   11   12   16   17
  1537    192    1    2    5    9   11   12   16   18
  1538    192    1    2    5    9   11   12   16   19
  1539    192    1    2    5    9   11   12   16   20
  1540    192    1    2    5    9   11   12   16   21
  1541    192    1    2    5    9   11   12   16   22
  1542    192    1    2    5    9   11   12   16   23
  1543    192    1    2    5    9   11   12   16   24
  1544    192    1    2    5    9   11   12   17   18
  1545    192    1    2    5    9   11   12   17   19
  1546    192    1    2    5    9   11   12   17   20
  1547     96    1    2    5    9   11   12   17   21
  1548    192    1    2    5    9   11   12   17   22
  1549    192    1    2    5    9   11   12   17   23
  1550    192    1    2    5    9   11   12   17   24
  1551    192    1    2    5    9   11   12   18   19
  1552    192    1    2    5    9   11   12   18   20
  1553    192    1    2    5    9   11   12   18   21
  1554    192    1    2    5    9   11   12   18   22
  1555    192    1    2    5    9   11   12   18   23
  1556    192    1    2    5    9   11   12   18   24
  1557    192    1    2    5    9   11   12   19   20
  1558    192    1    2    5    9   11   12   19   21
  1559    192    1    2    5    9   11   12   19   22
  1560    192    1    2    5    9   11   12   19   23
  1561    192    1    2    5    9   11   12   19   24
  1562    192    1    2    5    9   11   12   20   21
  1563    192    1    2    5    9   11   12   20   22
  1564    192    1    2    5    9   11   12   20   24
  1565    192    1    2    5    9   11   12   21   22
  1566    192    1    2    5    9   11   12   21   24
  1567    192    1    2    5    9   11   12   22   23
  1568    192    1    2    5    9   11   12   22   24
  1569    192    1    2    5    9   11   12   23   24
  1570    192    1    2    5    9   11   13   14   15
  1571    192    1    2    5    9   11   13   14   16
  1572    192    1    2    5    9   11   13   14   17
  1573    192    1    2    5    9   11   13   14   18
  1574    192    1    2    5    9   11   13   14   19
  1575    192    1    2    5    9   11   13   14   20
  1576    192    1    2    5    9   11   13   14   21
  1577    192    1    2    5    9   11   13   14   22
  1578    192    1    2    5    9   11   13   14   23
  1579    192    1    2    5    9   11   13   14   24
  1580    192    1    2    5    9   11   13   15   16
  1581    192    1    2    5    9   11   13   15   17
  1582    192    1    2    5    9   11   13   15   18
  1583    192    1    2    5    9   11   13   15   19
  1584    192    1    2    5    9   11   13   15   20
  1585    192    1    2    5    9   11   13   15   21
  1586    192    1    2    5    9   11   13   15   22
  1587    192    1    2    5    9   11   13   15   23
  1588    192    1    2    5    9   11   13   15   24
  1589    192    1    2    5    9   11   13   16   17
  1590    192    1    2    5    9   11   13   16   18
  1591    192    1    2    5    9   11   13   16   19
  1592    192    1    2    5    9   11   13   16   20
  1593    192    1    2    5    9   11   13   16   21
  1594    192    1    2    5    9   11   13   16   22
  1595    192    1    2    5    9   11   13   16   23
  1596    192    1    2    5    9   11   13   16   24
  1597    192    1    2    5    9   11   13   17   18
  1598    192    1    2    5    9   11   13   17   19
  1599    192    1    2    5    9   11   13   17   20
  1600    192    1    2    5    9   11   13   17   22
  1601    192    1    2    5    9   11   13   17   23
  1602    192    1    2    5    9   11   13   17   24
  1603    192    1    2    5    9   11   13   18   19
  1604    192    1    2    5    9   11   13   18   20
  1605    192    1    2    5    9   11   13   18   21
  1606    192    1    2    5    9   11   13   18   22
  1607    192    1    2    5    9   11   13   18   23
  1608    192    1    2    5    9   11   13   18   24
  1609    192    1    2    5    9   11   13   19   20
  1610    192    1    2    5    9   11   13   19   21
  1611    192    1    2    5    9   11   13   19   22
  1612    192    1    2    5    9   11   13   19   23
  1613    192    1    2    5    9   11   13   19   24
  1614    192    1    2    5    9   11   13   20   21
  1615    192    1    2    5    9   11   13   20   22
  1616     96    1    2    5    9   11   13   21   22
  1617    192    1    2    5    9   11   13   21   24
  1618    192    1    2    5    9   11   13   22   23
  1619    192    1    2    5    9   11   13   22   24
  1620    192    1    2    5    9   11   13   23   24
  1621    192    1    2    5    9   11   14   15   16
  1622    192    1    2    5    9   11   14   15   17
  1623    192    1    2    5    9   11   14   15   18
  1624    192    1    2    5    9   11   14   15   19
  1625    192    1    2    5    9   11   14   15   20
  1626    192    1    2    5    9   11   14   15   21
  1627    192    1    2    5    9   11   14   15   22
  1628    192    1    2    5    9   11   14   15   23
  1629    192    1    2    5    9   11   14   15   24
  1630    192    1    2    5    9   11   14   16   17
  1631    192    1    2    5    9   11   14   16   18
  1632    192    1    2    5    9   11   14   16   19
  1633    192    1    2    5    9   11   14   16   20
  1634     96    1    2    5    9   11   14   16   21
  1635    192    1    2    5    9   11   14   16   22
  1636    192    1    2    5    9   11   14   16   23
  1637    192    1    2    5    9   11   14   16   24
  1638    192    1    2    5    9   11   14   17   18
  1639    192    1    2    5    9   11   14   17   19
  1640    192    1    2    5    9   11   14   17   20
  1641    192    1    2    5    9   11   14   17   22
  1642    192    1    2    5    9   11   14   17   23
  1643    192    1    2    5    9   11   14   17   24
  1644    192    1    2    5    9   11   14   18   19
  1645    192    1    2    5    9   11   14   18   20
  1646    192    1    2    5    9   11   14   18   21
  1647    192    1    2    5    9   11   14   18   22
  1648    192    1    2    5    9   11   14   18   23
  1649    192    1    2    5    9   11   14   18   24
  1650    192    1    2    5    9   11   14   19   20
  1651    192    1    2    5    9   11   14   19   22
  1652    192    1    2    5    9   11   14   19   23
  1653    192    1    2    5    9   11   14   19   24
  1654    192    1    2    5    9   11   14   20   22
  1655    192    1    2    5    9   11   14   20   24
  1656     96    1    2    5    9   11   14   21   24
  1657    192    1    2    5    9   11   14   22   23
  1658    192    1    2    5    9   11   14   22   24
  1659    192    1    2    5    9   11   14   23   24
  1660    192    1    2    5    9   11   15   16   17
  1661    192    1    2    5    9   11   15   16   18
  1662    192    1    2    5    9   11   15   16   19
  1663    192    1    2    5    9   11   15   16   20
  1664    192    1    2    5    9   11   15   16   21
  1665    192    1    2    5    9   11   15   16   22
  1666    192    1    2    5    9   11   15   16   23
  1667    192    1    2    5    9   11   15   16   24
  1668    192    1    2    5    9   11   15   17   18
  1669    192    1    2    5    9   11   15   17   19
  1670    192    1    2    5    9   11   15   17   20
  1671    192    1    2    5    9   11   15   17   22
  1672    192    1    2    5    9   11   15   17   23
  1673    192    1    2    5    9   11   15   17   24
  1674    192    1    2    5    9   11   15   18   19
  1675    192    1    2    5    9   11   15   18   20
  1676    192    1    2    5    9   11   15   18   21
  1677    192    1    2    5    9   11   15   18   22
  1678    192    1    2    5    9   11   15   18   23
  1679     96    1    2    5    9   11   15   18   24
  1680    192    1    2    5    9   11   15   19   20
  1681     96    1    2    5    9   11   15   19   21
  1682    192    1    2    5    9   11   15   19   22
  1683    192    1    2    5    9   11   15   19   23
  1684    192    1    2    5    9   11   15   19   24
  1685    192    1    2    5    9   11   15   20   21
  1686    192    1    2    5    9   11   15   20   22
  1687    192    1    2    5    9   11   15   20   24
  1688    192    1    2    5    9   11   15   21   24
  1689    192    1    2    5    9   11   15   22   23
  1690    192    1    2    5    9   11   15   22   24
  1691    192    1    2    5    9   11   15   23   24
  1692    192    1    2    5    9   11   16   17   18
  1693    192    1    2    5    9   11   16   17   19
  1694    192    1    2    5    9   11   16   17   20
  1695    192    1    2    5    9   11   16   17   22
  1696    192    1    2    5    9   11   16   17   23
  1697    192    1    2    5    9   11   16   17   24
  1698    192    1    2    5    9   11   16   18   19
  1699    192    1    2    5    9   11   16   18   20
  1700    192    1    2    5    9   11   16   18   21
  1701    192    1    2    5    9   11   16   18   22
  1702    192    1    2    5    9   11   16   18   23
  1703    192    1    2    5    9   11   16   19   20
  1704    192    1    2    5    9   11   16   19   22
  1705    192    1    2    5    9   11   16   19   23
  1706    192    1    2    5    9   11   16   19   24
  1707    192    1    2    5    9   11   16   20   22
  1708     96    1    2    5    9   11   16   21   24
  1709    192    1    2    5    9   11   16   22   23
  1710    192    1    2    5    9   11   16   22   24
  1711    192    1    2    5    9   11   16   23   24
  1712    192    1    2    5    9   11   17   18   19
  1713    192    1    2    5    9   11   17   18   20
  1714    192    1    2    5    9   11   17   18   22
  1715    192    1    2    5    9   11   17   18   23
  1716    192    1    2    5    9   11   17   19   20
  1717    192    1    2    5    9   11   17   19   22
  1718    192    1    2    5    9   11   17   19   23
  1719    192    1    2    5    9   11   17   19   24
  1720    192    1    2    5    9   11   17   20   22
  1721    192    1    2    5    9   11   17   20   24
  1722    192    1    2    5    9   11   17   22   23
  1723    192    1    2    5    9   11   17   22   24
  1724    192    1    2    5    9   11   17   23   24
  1725    192    1    2    5    9   11   18   19   20
  1726    192    1    2    5    9   11   18   19   22
  1727    192    1    2    5    9   11   18   19   23
  1728     96    1    2    5    9   11   18   19   24
  1729     96    1    2    5    9   11   18   20   21
  1730    192    1    2    5    9   11   18   20   22
  1731    192    1    2    5    9   11   18   20   24
  1732    192    1    2    5    9   11   18   22   23
  1733     96    1    2    5    9   11   18   23   24
  1734    192    1    2    5    9   11   19   20   22
  1735    192    1    2    5    9   11   19   22   23
  1736    192    1    2    5    9   11   19   22   24
  1737    192    1    2    5    9   11   19   23   24
  1738    192    1    2    5    9   11   22   23   24
  1739    192    1    2    5    9   12   13   14   15
  1740    192    1    2    5    9   12   13   14   16
  1741    192    1    2    5    9   12   13   14   17
  1742    192    1    2    5    9   12   13   14   18
  1743    192    1    2    5    9   12   13   14   19
  1744    192    1    2    5    9   12   13   14   20
  1745    192    1    2    5    9   12   13   14   21
  1746    192    1    2    5    9   12   13   14   22
  1747    192    1    2    5    9   12   13   14   23
  1748    192    1    2    5    9   12   13   14   24
  1749    192    1    2    5    9   12   13   15   16
  1750    192    1    2    5    9   12   13   15   17
  1751    192    1    2    5    9   12   13   15   18
  1752    192    1    2    5    9   12   13   15   19
  1753    192    1    2    5    9   12   13   15   20
  1754    192    1    2    5    9   12   13   15   21
  1755    192    1    2    5    9   12   13   15   22
  1756    192    1    2    5    9   12   13   15   23
  1757    192    1    2    5    9   12   13   15   24
  1758    192    1    2    5    9   12   13   16   17
  1759    192    1    2    5    9   12   13   16   18
  1760    192    1    2    5    9   12   13   16   19
  1761    192    1    2    5    9   12   13   16   21
  1762    192    1    2    5    9   12   13   16   22
  1763    192    1    2    5    9   12   13   16   23
  1764    192    1    2    5    9   12   13   16   24
  1765    192    1    2    5    9   12   13   17   18
  1766    192    1    2    5    9   12   13   17   19
  1767    192    1    2    5    9   12   13   17   20
  1768    192    1    2    5    9   12   13   17   21
  1769    192    1    2    5    9   12   13   17   22
  1770    192    1    2    5    9   12   13   17   23
  1771    192    1    2    5    9   12   13   17   24
  1772    192    1    2    5    9   12   13   18   19
  1773    192    1    2    5    9   12   13   18   20
  1774    192    1    2    5    9   12   13   18   21
  1775    192    1    2    5    9   12   13   18   22
  1776    192    1    2    5    9   12   13   18   23
  1777    192    1    2    5    9   12   13   19   21
  1778    192    1    2    5    9   12   13   19   22
  1779    192    1    2    5    9   12   13   19   23
  1780    192    1    2    5    9   12   13   19   24
  1781    192    1    2    5    9   12   13   21   22
  1782    192    1    2    5    9   12   13   21   24
  1783    192    1    2    5    9   12   13   22   23
  1784    192    1    2    5    9   12   13   22   24
  1785    192    1    2    5    9   12   13   23   24
  1786    192    1    2    5    9   12   14   15   16
  1787    192    1    2    5    9   12   14   15   17
  1788    192    1    2    5    9   12   14   15   18
  1789    192    1    2    5    9   12   14   15   19
  1790    192    1    2    5    9   12   14   15   20
  1791    192    1    2    5    9   12   14   15   21
  1792    192    1    2    5    9   12   14   15   22
  1793    192    1    2    5    9   12   14   15   23
  1794    192    1    2    5    9   12   14   15   24
  1795    192    1    2    5    9   12   14   16   17
  1796    192    1    2    5    9   12   14   16   18
  1797    192    1    2    5    9   12   14   16   19
  1798    192    1    2    5    9   12   14   16   20
  1799    192    1    2    5    9   12   14   16   21
  1800    192    1    2    5    9   12   14   16   22
  1801    192    1    2    5    9   12   14   16   23
  1802    192    1    2    5    9   12   14   16   24
  1803    192    1    2    5    9   12   14   17   18
  1804    192    1    2    5    9   12   14   17   19
  1805    192    1    2    5    9   12   14   17   20
  1806     96    1    2    5    9   12   14   17   21
  1807    192    1    2    5    9   12   14   17   22
  1808    192    1    2    5    9   12   14   17   23
  1809    192    1    2    5    9   12   14   17   24
  1810    192    1    2    5    9   12   14   18   19
  1811    192    1    2    5    9   12   14   18   20
  1812    192    1    2    5    9   12   14   18   21
  1813    192    1    2    5    9   12   14   18   22
  1814    192    1    2    5    9   12   14   18   23
  1815    192    1    2    5    9   12   14   19   20
  1816    192    1    2    5    9   12   14   19   21
  1817    192    1    2    5    9   12   14   19   22
  1818    192    1    2    5    9   12   14   19   23
  1819    192    1    2    5    9   12   14   19   24
  1820    192    1    2    5    9   12   14   20   21
  1821    192    1    2    5    9   12   14   20   22
  1822    192    1    2    5    9   12   14   21   22
  1823    192    1    2    5    9   12   14   21   24
  1824    192    1    2    5    9   12   14   22   23
  1825    192    1    2    5    9   12   14   22   24
  1826    192    1    2    5    9   12   14   23   24
  1827    192    1    2    5    9   12   15   16   17
  1828    192    1    2    5    9   12   15   16   18
  1829    192    1    2    5    9   12   15   16   19
  1830    192    1    2    5    9   12   15   16   20
  1831    192    1    2    5    9   12   15   16   21
  1832    192    1    2    5    9   12   15   16   22
  1833    192    1    2    5    9   12   15   16   23
  1834    192    1    2    5    9   12   15   16   24
  1835    192    1    2    5    9   12   15   17   18
  1836    192    1    2    5    9   12   15   17   19
  1837    192    1    2    5    9   12   15   17   20
  1838    192    1    2    5    9   12   15   17   21
  1839    192    1    2    5    9   12   15   17   22
  1840    192    1    2    5    9   12   15   17   23
  1841    192    1    2    5    9   12   15   17   24
  1842    192    1    2    5    9   12   15   18   19
  1843    192    1    2    5    9   12   15   18   20
  1844    192    1    2    5    9   12   15   18   21
  1845     96    1    2    5    9   12   15   18   22
  1846    192    1    2    5    9   12   15   18   23
  1847    192    1    2    5    9   12   15   19   20
  1848    192    1    2    5    9   12   15   19   21
  1849    192    1    2    5    9   12   15   19   22
  1850    192    1    2    5    9   12   15   19   23
  1851    192    1    2    5    9   12   15   19   24
  1852    192    1    2    5    9   12   15   20   21
  1853    192    1    2    5    9   12   15   20   22
  1854    192    1    2    5    9   12   15   21   22
  1855    192    1    2    5    9   12   15   21   24
  1856    192    1    2    5    9   12   15   22   23
  1857    192    1    2    5    9   12   15   22   24
  1858    192    1    2    5    9   12   15   23   24
  1859    192    1    2    5    9   12   16   17   18
  1860    192    1    2    5    9   12   16   17   19
  1861    192    1    2    5    9   12   16   17   20
  1862     96    1    2    5    9   12   16   17   21
  1863    192    1    2    5    9   12   16   17   22
  1864    192    1    2    5    9   12   16   17   23
  1865    192    1    2    5    9   12   16   17   24
  1866    192    1    2    5    9   12   16   18   19
  1867    192    1    2    5    9   12   16   18   20
  1868    192    1    2    5    9   12   16   18   21
  1869    192    1    2    5    9   12   16   18   23
  1870    192    1    2    5    9   12   16   19   20
  1871    192    1    2    5    9   12   16   19   21
  1872    192    1    2    5    9   12   16   19   22
  1873    192    1    2    5    9   12   16   19   23
  1874    192    1    2    5    9   12   16   19   24
  1875    192    1    2    5    9   12   16   20   21
  1876    192    1    2    5    9   12   16   20   22
  1877    192    1    2    5    9   12   16   21   22
  1878    192    1    2    5    9   12   16   21   24
  1879    192    1    2    5    9   12   16   22   23
  1880    192    1    2    5    9   12   16   22   24
  1881    192    1    2    5    9   12   16   23   24
  1882    192    1    2    5    9   12   17   18   19
  1883    192    1    2    5    9   12   17   18   20
  1884    192    1    2    5    9   12   17   18   21
  1885    192    1    2    5    9   12   17   18   23
  1886    192    1    2    5    9   12   17   19   20
  1887    192    1    2    5    9   12   17   19   22
  1888    192    1    2    5    9   12   17   19   23
  1889    192    1    2    5    9   12   17   19   24
  1890    192    1    2    5    9   12   17   20   22
  1891     96    1    2    5    9   12   17   21   24
  1892    192    1    2    5    9   12   17   22   23
  1893    192    1    2    5    9   12   17   22   24
  1894    192    1    2    5    9   12   17   23   24
  1895    192    1    2    5    9   12   18   19   20
  1896    192    1    2    5    9   12   18   19   21
  1897     96    1    2    5    9   12   18   19   22
  1898    192    1    2    5    9   12   18   19   23
  1899    192    1    2    5    9   12   18   20   21
  1900    192    1    2    5    9   12   18   20   22
  1901     96    1    2    5    9   12   18   22   23
  1902    192    1    2    5    9   12   19   20   21
  1903    192    1    2    5    9   12   19   20   22
  1904    192    1    2    5    9   12   19   21   22
  1905    192    1    2    5    9   12   19   21   24
  1906    192    1    2    5    9   12   19   22   23
  1907    192    1    2    5    9   12   19   22   24
  1908    192    1    2    5    9   12   19   23   24
  1909    192    1    2    5    9   12   20   21   22
  1910    192    1    2    5    9   12   21   22   24
  1911    192    1    2    5    9   12   22   23   24
  1912    192    1    2    5    9   13   14   15   16
  1913    192    1    2    5    9   13   14   15   17
  1914    192    1    2    5    9   13   14   15   18
  1915    192    1    2    5    9   13   14   15   19
  1916    192    1    2    5    9   13   14   15   21
  1917    192    1    2    5    9   13   14   15   22
  1918    192    1    2    5    9   13   14   15   23
  1919    192    1    2    5    9   13   14   15   24
  1920    192    1    2    5    9   13   14   16   17
  1921    192    1    2    5    9   13   14   16   18
  1922    192    1    2    5    9   13   14   16   19
  1923    192    1    2    5    9   13   14   16   21
  1924    192    1    2    5    9   13   14   16   22
  1925    192    1    2    5    9   13   14   16   23
  1926    192    1    2    5    9   13   14   16   24
  1927    192    1    2    5    9   13   14   17   18
  1928    192    1    2    5    9   13   14   17   19
  1929    192    1    2    5    9   13   14   17   22
  1930    192    1    2    5    9   13   14   17   23
  1931    192    1    2    5    9   13   14   17   24
  1932    192    1    2    5    9   13   14   18   19
  1933    192    1    2    5    9   13   14   18   21
  1934    192    1    2    5    9   13   14   18   23
  1935    192    1    2    5    9   13   14   19   21
  1936    192    1    2    5    9   13   14   19   22
  1937    192    1    2    5    9   13   14   19   23
  1938    192    1    2    5    9   13   14   19   24
  1939     96    1    2    5    9   13   14   21   22
  1940    192    1    2    5    9   13   14   21   24
  1941    192    1    2    5    9   13   14   22   23
  1942    192    1    2    5    9   13   14   22   24
  1943    192    1    2    5    9   13   14   23   24
  1944    192    1    2    5    9   13   15   16   17
  1945    192    1    2    5    9   13   15   16   18
  1946    192    1    2    5    9   13   15   16   19
  1947    192    1    2    5    9   13   15   16   21
  1948    192    1    2    5    9   13   15   16   22
  1949    192    1    2    5    9   13   15   16   23
  1950    192    1    2    5    9   13   15   16   24
  1951     96    1    2    5    9   13   15   17   18
  1952    192    1    2    5    9   13   15   17   19
  1953    192    1    2    5    9   13   15   17   22
  1954    192    1    2    5    9   13   15   17   23
  1955    192    1    2    5    9   13   15   17   24
  1956    192    1    2    5    9   13   15   18   19
  1957    192    1    2    5    9   13   15   18   21
  1958    192    1    2    5    9   13   15   18   23
  1959    192    1    2    5    9   13   15   19   21
  1960    192    1    2    5    9   13   15   19   22
  1961    192    1    2    5    9   13   15   19   23
  1962    192    1    2    5    9   13   15   19   24
  1963    192    1    2    5    9   13   15   21   22
  1964    192    1    2    5    9   13   15   21   24
  1965    192    1    2    5    9   13   15   22   23
  1966    192    1    2    5    9   13   15   22   24
  1967    192    1    2    5    9   13   15   23   24
  1968    192    1    2    5    9   13   16   17   19
  1969    192    1    2    5    9   13   16   17   22
  1970    192    1    2    5    9   13   16   17   23
  1971    192    1    2    5    9   13   16   17   24
  1972    192    1    2    5    9   13   16   18   19
  1973    192    1    2    5    9   13   16   18   21
  1974    192    1    2    5    9   13   16   18   23
  1975    192    1    2    5    9   13   16   19   21
  1976    192    1    2    5    9   13   16   19   22
  1977    192    1    2    5    9   13   16   19   23
  1978    192    1    2    5    9   13   16   19   24
  1979     96    1    2    5    9   13   16   21   22
  1980    192    1    2    5    9   13   16   21   24
  1981    192    1    2    5    9   13   16   22   23
  1982    192    1    2    5    9   13   16   22   24
  1983    192    1    2    5    9   13   16   23   24
  1984     96    1    2    5    9   13   17   18   19
  1985     96    1    2    5    9   13   17   18   23
  1986    192    1    2    5    9   13   17   19   22
  1987    192    1    2    5    9   13   17   19   23
  1988    192    1    2    5    9   13   17   19   24
  1989    192    1    2    5    9   13   17   22   23
  1990    192    1    2    5    9   13   17   22   24
  1991    192    1    2    5    9   13   17   23   24
  1992    192    1    2    5    9   13   18   19   21
  1993    192    1    2    5    9   13   18   19   23
  1994    192    1    2    5    9   13   19   21   24
  1995    192    1    2    5    9   13   19   22   23
  1996    192    1    2    5    9   13   19   22   24
  1997    192    1    2    5    9   13   19   23   24
  1998     96    1    2    5    9   13   21   22   24
  1999    192    1    2    5    9   13   22   23   24
  2000    192    1    2    5    9   14   15   16   17
  2001     96    1    2    5    9   14   15   16   18
  2002    192    1    2    5    9   14   15   16   19
  2003    192    1    2    5    9   14   15   16   20
  2004    192    1    2    5    9   14   15   16   21
  2005    192    1    2    5    9   14   15   16   22
  2006    192    1    2    5    9   14   15   16   23
  2007    192    1    2    5    9   14   15   16   24
  2008    192    1    2    5    9   14   15   17   19
  2009    192    1    2    5    9   14   15   17   20
  2010    192    1    2    5    9   14   15   17   22
  2011    192    1    2    5    9   14   15   17   23
  2012    192    1    2    5    9   14   15   17   24
  2013    192    1    2    5    9   14   15   18   19
  2014    192    1    2    5    9   14   15   18   20
  2015    192    1    2    5    9   14   15   18   21
  2016    192    1    2    5    9   14   15   18   23
  2017    192    1    2    5    9   14   15   19   20
  2018     96    1    2    5    9   14   15   19   21
  2019    192    1    2    5    9   14   15   19   22
  2020    192    1    2    5    9   14   15   19   23
  2021    192    1    2    5    9   14   15   19   24
  2022    192    1    2    5    9   14   15   20   21
  2023    192    1    2    5    9   14   15   20   22
  2024    192    1    2    5    9   14   15   21   24
  2025    192    1    2    5    9   14   15   22   23
  2026    192    1    2    5    9   14   15   22   24
  2027    192    1    2    5    9   14   15   23   24
  2028    192    1    2    5    9   14   16   17   19
  2029    192    1    2    5    9   14   16   17   20
  2030    192    1    2    5    9   14   16   17   22
  2031    192    1    2    5    9   14   16   17   23
  2032    192    1    2    5    9   14   16   17   24
  2033     96    1    2    5    9   14   16   18   19
  2034    192    1    2    5    9   14   16   18   20
  2035     96    1    2    5    9   14   16   18   23
  2036    192    1    2    5    9   14   16   19   22
  2037    192    1    2    5    9   14   16   19   23
  2038    192    1    2    5    9   14   16   19   24
  2039     96    1    2    5    9   14   16   21   24
  2040    192    1    2    5    9   14   16   22   23
  2041    192    1    2    5    9   14   16   22   24
  2042    192    1    2    5    9   14   16   23   24
  2043    192    1    2    5    9   14   17   19   20
  2044    192    1    2    5    9   14   17   19   22
  2045    192    1    2    5    9   14   17   19   23
  2046    192    1    2    5    9   14   17   19   24
  2047    192    1    2    5    9   14   17   20   22
  2048    192    1    2    5    9   14   17   22   23
  2049    192    1    2    5    9   14   17   22   24
  2050    192    1    2    5    9   14   17   23   24
  2051    192    1    2    5    9   14   18   19   20
  2052    192    1    2    5    9   14   18   19   23
  2053     96    1    2    5    9   14   18   20   21
  2054    192    1    2    5    9   14   19   20   22
  2055    192    1    2    5    9   14   19   22   23
  2056    192    1    2    5    9   14   19   22   24
  2057    192    1    2    5    9   14   19   23   24
  2058    192    1    2    5    9   14   22   23   24
  2059    192    1    2    5    9   15   16   17   19
  2060    192    1    2    5    9   15   16   17   22
  2061    192    1    2    5    9   15   16   17   23
  2062    192    1    2    5    9   15   16   17   24
  2063     96    1    2    5    9   15   16   19   21
  2064    192    1    2    5    9   15   16   19   22
  2065    192    1    2    5    9   15   16   19   23
  2066    192    1    2    5    9   15   16   19   24
  2067    192    1    2    5    9   15   16   21   24
  2068    192    1    2    5    9   15   16   22   23
  2069    192    1    2    5    9   15   16   22   24
  2070    192    1    2    5    9   15   16   23   24
  2071    192    1    2    5    9   15   17   19   20
  2072    192    1    2    5    9   15   17   19   22
  2073    192    1    2    5    9   15   17   19   23
  2074    192    1    2    5    9   15   17   19   24
  2075    192    1    2    5    9   15   17   20   22
  2076    192    1    2    5    9   15   17   22   23
  2077    192    1    2    5    9   15   17   22   24
  2078    192    1    2    5    9   15   17   23   24
  2079    192    1    2    5    9   15   18   19   20
  2080     96    1    2    5    9   15   18   19   23
  2081     96    1    2    5    9   15   18   20   21
  2082     96    1    2    5    9   15   19   21   24
  2083    192    1    2    5    9   15   19   22   23
  2084    192    1    2    5    9   15   19   22   24
  2085    192    1    2    5    9   15   19   23   24
  2086    192    1    2    5    9   15   22   23   24
  2087    192    1    2    5    9   16   17   19   22
  2088    192    1    2    5    9   16   17   19   23
  2089    192    1    2    5    9   16   17   19   24
  2090    192    1    2    5    9   16   17   22   23
  2091    192    1    2    5    9   16   17   22   24
  2092    192    1    2    5    9   16   17   23   24
  2093    192    1    2    5    9   16   19   22   23
  2094    192    1    2    5    9   16   19   22   24
  2095    192    1    2    5    9   16   19   23   24
  2096    192    1    2    5    9   16   22   23   24
  2097    192    1    2    5    9   17   19   22   23
  2098    192    1    2    5    9   17   19   22   24
  2099    192    1    2    5    9   17   19   23   24
  2100    192    1    2    5    9   17   22   23   24
  2101    192    1    2    5    9   19   22   23   24
  2102    192    1    2    5   10   11   12   13   14
  2103    192    1    2    5   10   11   12   13   15
  2104    192    1    2    5   10   11   12   13   16
  2105    192    1    2    5   10   11   12   13   17
  2106    192    1    2    5   10   11   12   13   19
  2107    192    1    2    5   10   11   12   13   22
  2108    192    1    2    5   10   11   12   13   23
  2109    192    1    2    5   10   11   12   13   24
  2110    192    1    2    5   10   11   12   14   15
  2111    192    1    2    5   10   11   12   14   16
  2112    192    1    2    5   10   11   12   14   17
  2113    192    1    2    5   10   11   12   14   19
  2114    192    1    2    5   10   11   12   14   22
  2115    192    1    2    5   10   11   12   14   23
  2116    192    1    2    5   10   11   12   14   24
  2117    192    1    2    5   10   11   12   15   16
  2118    192    1    2    5   10   11   12   15   17
  2119    192    1    2    5   10   11   12   15   19
  2120    192    1    2    5   10   11   12   15   22
  2121    192    1    2    5   10   11   12   15   23
  2122    192    1    2    5   10   11   12   15   24
  2123    192    1    2    5   10   11   12   16   17
  2124    192    1    2    5   10   11   12   16   19
  2125    192    1    2    5   10   11   12   16   22
  2126    192    1    2    5   10   11   12   16   23
  2127    192    1    2    5   10   11   12   16   24
  2128    192    1    2    5   10   11   12   17   19
  2129    192    1    2    5   10   11   12   17   22
  2130     96    1    2    5   10   11   12   17   23
  2131    192    1    2    5   10   11   12   17   24
  2132    192    1    2    5   10   11   12   19   22
  2133    192    1    2    5   10   11   12   19   23
  2134    192    1    2    5   10   11   12   19   24
  2135    192    1    2    5   10   11   12   22   23
  2136     96    1    2    5   10   11   12   22   24
  2137    192    1    2    5   10   11   12   23   24
  2138    192    1    2    5   10   11   13   14   15
  2139    192    1    2    5   10   11   13   14   16
  2140    192    1    2    5   10   11   13   14   17
  2141    192    1    2    5   10   11   13   14   19
  2142    192    1    2    5   10   11   13   14   22
  2143    192    1    2    5   10   11   13   14   23
  2144    192    1    2    5   10   11   13   14   24
  2145    192    1    2    5   10   11   13   15   16
  2146    192    1    2    5   10   11   13   15   17
  2147    192    1    2    5   10   11   13   15   19
  2148    192    1    2    5   10   11   13   15   22
  2149    192    1    2    5   10   11   13   15   23
  2150    192    1    2    5   10   11   13   15   24
  2151    192    1    2    5   10   11   13   16   17
  2152    192    1    2    5   10   11   13   16   19
  2153    192    1    2    5   10   11   13   16   22
  2154    192    1    2    5   10   11   13   16   23
  2155    192    1    2    5   10   11   13   16   24
  2156    192    1    2    5   10   11   13   17   19
  2157    192    1    2    5   10   11   13   17   22
  2158     96    1    2    5   10   11   13   17   24
  2159    192    1    2    5   10   11   13   19   22
  2160    192    1    2    5   10   11   13   19   23
  2161    192    1    2    5   10   11   13   19   24
  2162     96    1    2    5   10   11   13   22   23
  2163    192    1    2    5   10   11   14   15   16
  2164    192    1    2    5   10   11   14   15   17
  2165    192    1    2    5   10   11   14   15   19
  2166    192    1    2    5   10   11   14   15   22
  2167    192    1    2    5   10   11   14   15   23
  2168    192    1    2    5   10   11   14   15   24
  2169    192    1    2    5   10   11   14   16   17
  2170    192    1    2    5   10   11   14   16   19
  2171    192    1    2    5   10   11   14   16   22
  2172     96    1    2    5   10   11   14   16   23
  2173     96    1    2    5   10   11   14   16   24
  2174    192    1    2    5   10   11   14   17   19
  2175    192    1    2    5   10   11   14   17   22
  2176    192    1    2    5   10   11   14   19   22
  2177    192    1    2    5   10   11   14   19   24
  2178     96    1    2    5   10   11   14   23   24
  2179    192    1    2    5   10   11   15   16   17
  2180    192    1    2    5   10   11   15   16   19
  2181    192    1    2    5   10   11   15   16   22
  2182    192    1    2    5   10   11   15   16   23
  2183    192    1    2    5   10   11   15   17   19
  2184    192    1    2    5   10   11   15   17   22
  2185    192    1    2    5   10   11   15   19   22
  2186     96    1    2    5   10   11   15   19   23
  2187     96    1    2    5   10   11   15   19   24
  2188     96    1    2    5   10   11   15   23   24
  2189    192    1    2    5   10   11   16   17   19
  2190    192    1    2    5   10   11   16   17   22
  2191    192    1    2    5   10   11   16   19   22
  2192    192    1    2    5   10   11   17   19   22
  2193    192    1    2    5   10   12   13   14   15
  2194    192    1    2    5   10   12   13   14   16
  2195    192    1    2    5   10   12   13   14   17
  2196    192    1    2    5   10   12   13   14   19
  2197    192    1    2    5   10   12   13   14   22
  2198    192    1    2    5   10   12   13   14   23
  2199    192    1    2    5   10   12   13   15   16
  2200    192    1    2    5   10   12   13   15   17
  2201    192    1    2    5   10   12   13   15   19
  2202    192    1    2    5   10   12   13   15   22
  2203    192    1    2    5   10   12   13   15   23
  2204    192    1    2    5   10   12   13   16   17
  2205    192    1    2    5   10   12   13   16   19
  2206    192    1    2    5   10   12   13   16   22
  2207    192    1    2    5   10   12   13   17   19
  2208     96    1    2    5   10   12   13   17   22
  2209    192    1    2    5   10   12   13   17   23
  2210    192    1    2    5   10   12   13   19   22
  2211    192    1    2    5   10   12   14   15   16
  2212    192    1    2    5   10   12   14   15   17
  2213    192    1    2    5   10   12   14   15   19
  2214    192    1    2    5   10   12   14   15   22
  2215    192    1    2    5   10   12   14   15   23
  2216    192    1    2    5   10   12   14   16   17
  2217    192    1    2    5   10   12   14   16   19
  2218     96    1    2    5   10   12   14   16   22
  2219    192    1    2    5   10   12   14   16   23
  2220    192    1    2    5   10   12   14   17   19
  2221     96    1    2    5   10   12   14   17   23
  2222    192    1    2    5   10   12   14   19   22
  2223    192    1    2    5   10   12   14   19   23
  2224    192    1    2    5   10   12   14   22   23
  2225    192    1    2    5   10   12   15   16   17
  2226    192    1    2    5   10   12   15   16   19
  2227    192    1    2    5   10   12   15   16   23
  2228    192    1    2    5   10   12   15   17   19
  2229    192    1    2    5   10   12   15   17   23
  2230     96    1    2    5   10   12   15   19   22
  2231    192    1    2    5   10   12   15   19   23
  2232     96    1    2    5   10   12   15   22   23
  2233    192    1    2    5   10   12   16   17   19
  2234     96    1    2    5   10   12   16   17   23
  2235    192    1    2    5   10   12   16   19   23
  2236     96    1    2    5   10   12   19   22   23
  2237    192    1    2    5   10   13   14   15   16
  2238    192    1    2    5   10   13   14   15   17
  2239    192    1    2    5   10   13   14   15   19
  2240     96    1    2    5   10   13   14   16   17
  2241    192    1    2    5   10   13   14   16   19
  2242    192    1    2    5   10   13   14   17   19
  2243    192    1    2    5   10   13   15   16   19
  2244     96    1    2    5   10   13   15   17   19
  2245     96    1    2    5   10   14   15   16   19
  2246     96    1    2    5   10   14   15   16   23
  2247     96    1    2    5   10   14   15   19   23
  2248    192    1    2    5   11   12   13   14   15
  2249    192    1    2    5   11   12   13   14   16
  2250    192    1    2    5   11   12   13   14   17
  2251    192    1    2    5   11   12   13   14   19
  2252    192    1    2    5   11   12   13   14   22
  2253    192    1    2    5   11   12   13   14   24
  2254    192    1    2    5   11   12   13   15   16
  2255    192    1    2    5   11   12   13   15   17
  2256    192    1    2    5   11   12   13   15   19
  2257    192    1    2    5   11   12   13   15   22
  2258    192    1    2    5   11   12   13   15   24
  2259    192    1    2    5   11   12   13   16   17
  2260    192    1    2    5   11   12   13   16   19
  2261    192    1    2    5   11   12   13   16   22
  2262    192    1    2    5   11   12   13   17   19
  2263     96    1    2    5   11   12   13   17   22
  2264    192    1    2    5   11   12   13   17   24
  2265    192    1    2    5   11   12   13   19   22
  2266    192    1    2    5   11   12   14   15   16
  2267    192    1    2    5   11   12   14   15   17
  2268    192    1    2    5   11   12   14   15   19
  2269    192    1    2    5   11   12   14   15   22
  2270    192    1    2    5   11   12   14   15   24
  2271     96    1    2    5   11   12   14   16   17
  2272    192    1    2    5   11   12   14   16   19
  2273    192    1    2    5   11   12   14   16   22
  2274    192    1    2    5   11   12   14   16   24
  2275     96    1    2    5   11   12   14   17   24
  2276    192    1    2    5   11   12   14   19   22
  2277    192    1    2    5   11   12   14   19   24
  2278    192    1    2    5   11   12   14   22   24
  2279    192    1    2    5   11   12   15   16   17
  2280    192    1    2    5   11   12   15   16   19
  2281    192    1    2    5   11   12   15   16   22
  2282    192    1    2    5   11   12   15   16   24
  2283     96    1    2    5   11   12   15   17   19
  2284    192    1    2    5   11   12   15   17   24
  2285    192    1    2    5   11   12   15   19   22
  2286    192    1    2    5   11   12   15   19   24
  2287     96    1    2    5   11   12   15   22   24
  2288     96    1    2    5   11   12   16   17   24
  2289    192    1    2    5   11   12   16   19   22
  2290    192    1    2    5   11   12   16   19   24
  2291     96    1    2    5   11   12   19   22   24
  2292    192    1    2    5   11   13   14   15   16
  2293    192    1    2    5   11   13   14   15   19
  2294    192    1    2    5   11   13   14   15   22
  2295    192    1    2    5   11   13   14   16   19
  2296     96    1    2    5   11   13   14   16   22
  2297    192    1    2    5   11   13   15   16   19
  2298    192    1    2    5   11   13   15   16   22
  2299     96    1    2    5   11   13   15   19   22
  2300     96    1    2    5   11   14   15   16   19
  2301     96    1    2    5   11   14   15   16   24
  2302     96    1    2    5   11   14   15   19   24
  2303    192    1    2    5   12   13   14   15   16
  2304    192    1    2    5   12   13   14   15   17
  2305    192    1    2    5   12   13   14   15   19
  2306    192    1    2    5   12   13   14   15   22
  2307    192    1    2    5   12   13   14   16   17
  2308    192    1    2    5   12   13   14   17   19
  2309     96    1    2    5   12   13   14   17   22
  2310    192    1    2    5   12   13   14   19   22
  2311    192    1    2    5   12   13   15   17   19
  2312     96    1    2    5   12   13   15   17   22
  2313    192    1    2    5   12   14   15   16   17
  2314    192    1    2    5   12   14   15   16   19
  2315     96    1    2    5   12   14   15   16   22
  2316     96    1    2    5   12   14   15   17   19
  2317    192    1    2    5   12   14   15   19   22
  2318     96    1    2    5   12   14   16   19   22
  2319     96    1    2    5   12   15   16   17   19
  2320    192    1    2    9   10   11   12   13   14
  2321    192    1    2    9   10   11   12   13   15
  2322    192    1    2    9   10   11   12   13   16
  2323    192    1    2    9   10   11   12   13   17
  2324    192    1    2    9   10   11   12   13   18
  2325    192    1    2    9   10   11   12   13   19
  2326    192    1    2    9   10   11   12   13   20
  2327    192    1    2    9   10   11   12   13   21
  2328    192    1    2    9   10   11   12   13   22
  2329    192    1    2    9   10   11   12   13   23
  2330     96    1    2    9   10   11   12   13   24
  2331    192    1    2    9   10   11   12   14   15
  2332    192    1    2    9   10   11   12   14   16
  2333    192    1    2    9   10   11   12   14   17
  2334    192    1    2    9   10   11   12   14   18
  2335    192    1    2    9   10   11   12   14   19
  2336    192    1    2    9   10   11   12   14   20
  2337    192    1    2    9   10   11   12   14   21
  2338     96    1    2    9   10   11   12   14   22
  2339    192    1    2    9   10   11   12   14   23
  2340    192    1    2    9   10   11   12   15   16
  2341    192    1    2    9   10   11   12   15   17
  2342     96    1    2    9   10   11   12   15   18
  2343    192    1    2    9   10   11   12   15   19
  2344    192    1    2    9   10   11   12   15   20
  2345    192    1    2    9   10   11   12   15   21
  2346    192    1    2    9   10   11   12   15   23
  2347     96    1    2    9   10   11   12   16   17
  2348    192    1    2    9   10   11   12   16   19
  2349    192    1    2    9   10   11   12   16   20
  2350    192    1    2    9   10   11   12   16   21
  2351    192    1    2    9   10   11   12   16   23
  2352    192    1    2    9   10   11   12   19   20
  2353     96    1    2    9   10   11   12   19   21
  2354    192    1    2    9   10   11   12   19   23
  2355     96    1    2    9   10   11   12   20   23
  2356    192    1    2    9   10   11   13   14   16
  2357    192    1    2    9   10   11   13   14   17
  2358    192    1    2    9   10   11   13   14   18
  2359    192    1    2    9   10   11   13   14   19
  2360    192    1    2    9   10   11   13   14   20
  2361    192    1    2    9   10   11   13   14   21
  2362    192    1    2    9   10   11   13   14   22
  2363    192    1    2    9   10   11   13   14   23
  2364    192    1    2    9   10   11   13   14   24
  2365    192    1    2    9   10   11   13   15   16
  2366    192    1    2    9   10   11   13   15   17
  2367    192    1    2    9   10   11   13   15   18
  2368    192    1    2    9   10   11   13   15   19
  2369    192    1    2    9   10   11   13   15   20
  2370    192    1    2    9   10   11   13   15   21
  2371    192    1    2    9   10   11   13   15   22
  2372    192    1    2    9   10   11   13   15   23
  2373    192    1    2    9   10   11   13   15   24
  2374    192    1    2    9   10   11   13   16   17
  2375    192    1    2    9   10   11   13   16   18
  2376    192    1    2    9   10   11   13   16   19
  2377    192    1    2    9   10   11   13   16   20
  2378    192    1    2    9   10   11   13   16   21
  2379    192    1    2    9   10   11   13   16   22
  2380    192    1    2    9   10   11   13   16   23
  2381    192    1    2    9   10   11   13   16   24
  2382    192    1    2    9   10   11   13   17   18
  2383    192    1    2    9   10   11   13   17   19
  2384    192    1    2    9   10   11   13   17   20
  2385    192    1    2    9   10   11   13   17   21
  2386    192    1    2    9   10   11   13   17   22
  2387    192    1    2    9   10   11   13   17   23
  2388    192    1    2    9   10   11   13   17   24
  2389    192    1    2    9   10   11   13   18   19
  2390    192    1    2    9   10   11   13   18   20
  2391    192    1    2    9   10   11   13   18   21
  2392    192    1    2    9   10   11   13   18   23
  2393    192    1    2    9   10   11   13   18   24
  2394    192    1    2    9   10   11   13   19   20
  2395    192    1    2    9   10   11   13   19   21
  2396    192    1    2    9   10   11   13   19   22
  2397    192    1    2    9   10   11   13   19   23
  2398    192    1    2    9   10   11   13   19   24
  2399    192    1    2    9   10   11   13   20   21
  2400    192    1    2    9   10   11   13   20   22
  2401     96    1    2    9   10   11   13   20   23
  2402    192    1    2    9   10   11   13   20   24
  2403    192    1    2    9   10   11   13   21   22
  2404    192    1    2    9   10   11   13   21   23
  2405    192    1    2    9   10   11   13   21   24
  2406    192    1    2    9   10   11   13   22   23
  2407    192    1    2    9   10   11   13   22   24
  2408    192    1    2    9   10   11   13   23   24
  2409    192    1    2    9   10   11   14   15   16
  2410    192    1    2    9   10   11   14   15   17
  2411     96    1    2    9   10   11   14   15   18
  2412    192    1    2    9   10   11   14   15   19
  2413     96    1    2    9   10   11   14   15   20
  2414     96    1    2    9   10   11   14   15   21
  2415    192    1    2    9   10   11   14   16   17
  2416    192    1    2    9   10   11   14   16   18
  2417    192    1    2    9   10   11   14   16   19
  2418    192    1    2    9   10   11   14   16   20
  2419    192    1    2    9   10   11   14   16   21
  2420    192    1    2    9   10   11   14   16   22
  2421    192    1    2    9   10   11   14   16   23
  2422    192    1    2    9   10   11   14   16   24
  2423    192    1    2    9   10   11   14   17   18
  2424    192    1    2    9   10   11   14   17   19
  2425    192    1    2    9   10   11   14   17   20
  2426    192    1    2    9   10   11   14   17   21
  2427    192    1    2    9   10   11   14   17   22
  2428    192    1    2    9   10   11   14   17   23
  2429    192    1    2    9   10   11   14   17   24
  2430    192    1    2    9   10   11   14   18   19
  2431    192    1    2    9   10   11   14   18   20
  2432    192    1    2    9   10   11   14   18   21
  2433    192    1    2    9   10   11   14   18   23
  2434    192    1    2    9   10   11   14   18   24
  2435    192    1    2    9   10   11   14   19   20
  2436     96    1    2    9   10   11   14   19   21
  2437    192    1    2    9   10   11   14   19   22
  2438    192    1    2    9   10   11   14   19   23
  2439    192    1    2    9   10   11   14   19   24
  2440    192    1    2    9   10   11   14   20   21
  2441    192    1    2    9   10   11   14   20   22
  2442    192    1    2    9   10   11   14   20   23
  2443    192    1    2    9   10   11   14   20   24
  2444    192    1    2    9   10   11   14   21   22
  2445     96    1    2    9   10   11   14   21   23
  2446    192    1    2    9   10   11   14   21   24
  2447    192    1    2    9   10   11   14   22   23
  2448    192    1    2    9   10   11   14   22   24
  2449    192    1    2    9   10   11   14   23   24
  2450    192    1    2    9   10   11   15   16   17
  2451     96    1    2    9   10   11   15   16   18
  2452    192    1    2    9   10   11   15   16   19
  2453    192    1    2    9   10   11   15   16   20
  2454    192    1    2    9   10   11   15   16   21
  2455    192    1    2    9   10   11   15   16   22
  2456    192    1    2    9   10   11   15   16   23
  2457    192    1    2    9   10   11   15   16   24
  2458     96    1    2    9   10   11   15   17   18
  2459    192    1    2    9   10   11   15   17   19
  2460    192    1    2    9   10   11   15   17   20
  2461    192    1    2    9   10   11   15   17   21
  2462    192    1    2    9   10   11   15   17   22
  2463    192    1    2    9   10   11   15   17   23
  2464    192    1    2    9   10   11   15   17   24
  2465    192    1    2    9   10   11   15   18   19
  2466    192    1    2    9   10   11   15   18   20
  2467    192    1    2    9   10   11   15   18   21
  2468    192    1    2    9   10   11   15   18   23
  2469     96    1    2    9   10   11   15   18   24
  2470    192    1    2    9   10   11   15   19   20
  2471    192    1    2    9   10   11   15   19   21
  2472    192    1    2    9   10   11   15   19   22
  2473    192    1    2    9   10   11   15   19   23
  2474    192    1    2    9   10   11   15   19   24
  2475    192    1    2    9   10   11   15   20   21
  2476    192    1    2    9   10   11   15   20   22
  2477    192    1    2    9   10   11   15   20   23
  2478    192    1    2    9   10   11   15   20   24
  2479    192    1    2    9   10   11   15   21   22
  2480    192    1    2    9   10   11   15   21   23
  2481    192    1    2    9   10   11   15   21   24
  2482    192    1    2    9   10   11   15   22   23
  2483    192    1    2    9   10   11   15   22   24
  2484    192    1    2    9   10   11   15   23   24
  2485    192    1    2    9   10   11   16   17   18
  2486    192    1    2    9   10   11   16   17   19
  2487    192    1    2    9   10   11   16   17   20
  2488    192    1    2    9   10   11   16   17   21
  2489    192    1    2    9   10   11   16   17   22
  2490    192    1    2    9   10   11   16   17   23
  2491    192    1    2    9   10   11   16   17   24
  2492    192    1    2    9   10   11   16   18   19
  2493    192    1    2    9   10   11   16   18   20
  2494    192    1    2    9   10   11   16   18   21
  2495    192    1    2    9   10   11   16   18   23
  2496     96    1    2    9   10   11   16   19   20
  2497    192    1    2    9   10   11   16   19   21
  2498    192    1    2    9   10   11   16   19   22
  2499    192    1    2    9   10   11   16   19   23
  2500    192    1    2    9   10   11   16   19   24
  2501    192    1    2    9   10   11   16   20   21
  2502    192    1    2    9   10   11   16   20   22
  2503    192    1    2    9   10   11   16   20   23
  2504    192    1    2    9   10   11   16   20   24
  2505    192    1    2    9   10   11   16   21   22
  2506     96    1    2    9   10   11   16   21   23
  2507    192    1    2    9   10   11   16   21   24
  2508    192    1    2    9   10   11   16   22   23
  2509    192    1    2    9   10   11   16   22   24
  2510    192    1    2    9   10   11   16   23   24
  2511    192    1    2    9   10   11   17   18   19
  2512    192    1    2    9   10   11   17   18   20
  2513    192    1    2    9   10   11   17   18   21
  2514    192    1    2    9   10   11   17   18   23
  2515    192    1    2    9   10   11   17   19   20
  2516    192    1    2    9   10   11   17   19   21
  2517    192    1    2    9   10   11   17   19   22
  2518    192    1    2    9   10   11   17   19   23
  2519    192    1    2    9   10   11   17   19   24
  2520    192    1    2    9   10   11   17   20   21
  2521    192    1    2    9   10   11   17   20   22
  2522    192    1    2    9   10   11   17   20   23
  2523    192    1    2    9   10   11   17   20   24
  2524    192    1    2    9   10   11   17   21   22
  2525    192    1    2    9   10   11   17   21   24
  2526    192    1    2    9   10   11   17   22   23
  2527    192    1    2    9   10   11   17   22   24
  2528    192    1    2    9   10   11   17   23   24
  2529    192    1    2    9   10   11   18   19   20
  2530    192    1    2    9   10   11   18   19   21
  2531    192    1    2    9   10   11   18   19   23
  2532     96    1    2    9   10   11   18   19   24
  2533    192    1    2    9   10   11   18   20   21
  2534    192    1    2    9   10   11   18   20   23
  2535    192    1    2    9   10   11   18   20   24
  2536    192    1    2    9   10   11   18   21   23
  2537     96    1    2    9   10   11   18   23   24
  2538    192    1    2    9   10   11   19   20   21
  2539    192    1    2    9   10   11   19   20   22
  2540    192    1    2    9   10   11   19   20   23
  2541    192    1    2    9   10   11   19   20   24
  2542     96    1    2    9   10   11   19   21   22
  2543    192    1    2    9   10   11   19   21   24
  2544    192    1    2    9   10   11   19   22   23
  2545    192    1    2    9   10   11   19   22   24
  2546    192    1    2    9   10   11   19   23   24
  2547    192    1    2    9   10   11   20   21   22
  2548    192    1    2    9   10   11   20   21   24
  2549    192    1    2    9   10   11   20   22   23
  2550    192    1    2    9   10   11   20   22   24
  2551     96    1    2    9   10   11   20   23   24
  2552    192    1    2    9   10   11   21   22   24
  2553     96    1    2    9   10   11   21   23   24
  2554    192    1    2    9   10   11   22   23   24
  2555    192    1    2    9   10   13   14   16   17
  2556    192    1    2    9   10   13   14   16   18
  2557    192    1    2    9   10   13   14   16   19
  2558    192    1    2    9   10   13   14   16   20
  2559    192    1    2    9   10   13   14   16   21
  2560    192    1    2    9   10   13   14   16   22
  2561    192    1    2    9   10   13   14   16   23
  2562    192    1    2    9   10   13   14   16   24
  2563    192    1    2    9   10   13   14   17   18
  2564    192    1    2    9   10   13   14   17   19
  2565    192    1    2    9   10   13   14   17   20
  2566    192    1    2    9   10   13   14   17   21
  2567    192    1    2    9   10   13   14   17   22
  2568    192    1    2    9   10   13   14   17   23
  2569    192    1    2    9   10   13   14   17   24
  2570    192    1    2    9   10   13   14   18   19
  2571    192    1    2    9   10   13   14   18   20
  2572    192    1    2    9   10   13   14   18   21
  2573    192    1    2    9   10   13   14   18   23
  2574    192    1    2    9   10   13   14   19   20
  2575    192    1    2    9   10   13   14   19   22
  2576    192    1    2    9   10   13   14   19   23
  2577    192    1    2    9   10   13   14   19   24
  2578    192    1    2    9   10   13   14   20   21
  2579    192    1    2    9   10   13   14   20   22
  2580    192    1    2    9   10   13   14   20   24
  2581    192    1    2    9   10   13   14   21   22
  2582    192    1    2    9   10   13   14   21   23
  2583    192    1    2    9   10   13   14   21   24
  2584    192    1    2    9   10   13   14   22   23
  2585     96    1    2    9   10   13   14   22   24
  2586    192    1    2    9   10   13   14   23   24
  2587    192    1    2    9   10   13   16   17   19
  2588    192    1    2    9   10   13   16   17   20
  2589    192    1    2    9   10   13   16   17   21
  2590    192    1    2    9   10   13   16   17   22
  2591    192    1    2    9   10   13   16   17   23
  2592     96    1    2    9   10   13   16   17   24
  2593    192    1    2    9   10   13   16   18   19
  2594    192    1    2    9   10   13   16   18   20
  2595    192    1    2    9   10   13   16   18   21
  2596    192    1    2    9   10   13   16   18   23
  2597     96    1    2    9   10   13   16   19   21
  2598    192    1    2    9   10   13   16   19   22
  2599    192    1    2    9   10   13   16   19   23
  2600    192    1    2    9   10   13   16   19   24
  2601    192    1    2    9   10   13   16   20   21
  2602    192    1    2    9   10   13   16   20   22
  2603    192    1    2    9   10   13   16   20   24
  2604    192    1    2    9   10   13   16   21   22
  2605    192    1    2    9   10   13   16   21   23
  2606    192    1    2    9   10   13   16   21   24
  2607    192    1    2    9   10   13   16   22   23
  2608    192    1    2    9   10   13   16   23   24
  2609     96    1    2    9   10   13   17   18   19
  2610    192    1    2    9   10   13   17   18   20
  2611     96    1    2    9   10   13   17   18   23
  2612     96    1    2    9   10   13   17   19   20
  2613     96    1    2    9   10   13   17   19   21
  2614    192    1    2    9   10   13   17   19   22
  2615    192    1    2    9   10   13   17   19   23
  2616    192    1    2    9   10   13   17   20   21
  2617    192    1    2    9   10   13   17   20   22
  2618    192    1    2    9   10   13   17   21   22
  2619    192    1    2    9   10   13   17   22   23
  2620    192    1    2    9   10   13   18   19   20
  2621    192    1    2    9   10   13   18   19   21
  2622    192    1    2    9   10   13   18   19   23
  2623    192    1    2    9   10   13   18   20   21
  2624    192    1    2    9   10   13   18   21   23
  2625     96    1    2    9   10   13   19   20   22
  2626    192    1    2    9   10   13   19   21   23
  2627     96    1    2    9   10   13   19   21   24
  2628    192    1    2    9   10   13   19   22   23
  2629    192    1    2    9   10   13   19   23   24
  2630    192    1    2    9   10   13   20   21   22
  2631     96    1    2    9   10   13   21   22   23
  2632    192    1    2    9   10   14   16   17   19
  2633    192    1    2    9   10   14   16   17   20
  2634    192    1    2    9   10   14   16   17   21
  2635     96    1    2    9   10   14   16   17   22
  2636    192    1    2    9   10   14   16   17   23
  2637     96    1    2    9   10   14   16   18   19
  2638    192    1    2    9   10   14   16   18   20
  2639     96    1    2    9   10   14   16   18   23
  2640    192    1    2    9   10   14   16   19   22
  2641    192    1    2    9   10   14   16   19   23
  2642    192    1    2    9   10   14   16   20   21
  2643    192    1    2    9   10   14   16   20   22
  2644     96    1    2    9   10   14   16   20   23
  2645    192    1    2    9   10   14   16   21   22
  2646     96    1    2    9   10   14   16   21   23
  2647    192    1    2    9   10   14   16   22   23
  2648    192    1    2    9   10   14   17   19   23
  2649    192    1    2    9   10   14   17   20   21
  2650     96    1    2    9   10   14   17   20   23
  2651    192    1    2    9   10   14   18   19   23
  2652    192    1    2    9   10   14   18   20   21
  2653    192    1    2    9   10   14   18   20   23
  2654    192    1    2    9   10   14   18   21   23
  2655    192    1    2    9   10   14   19   22   23
  2656     96    1    2    9   10   14   20   22   23
  2657     96    1    2    9   10   15   18   19   20
  2658     48    1    2    9   10   15   18   19   23
  2659     96    1    2    9   10   15   19   20   21
  2660     48    1    2    9   10   15   19   20   23
  2661     48    1    2    9   10   15   19   21   23
  2662    192    1    2    9   10   16   17   19   23
  2663    192    1    2    9   11   12   13   14   16
  2664    192    1    2    9   11   12   13   14   17
  2665     96    1    2    9   11   12   13   14   18
  2666    192    1    2    9   11   12   13   14   19
  2667     96    1    2    9   11   12   13   14   20
  2668     96    1    2    9   11   12   13   14   21
  2669    192    1    2    9   11   12   13   16   17
  2670    192    1    2    9   11   12   13   16   18
  2671    192    1    2    9   11   12   13   16   19
  2672     96    1    2    9   11   12   13   16   20
  2673    192    1    2    9   11   12   13   16   21
  2674    192    1    2    9   11   12   13   16   22
  2675    192    1    2    9   11   12   13   16   23
  2676    192    1    2    9   11   12   13   16   24
  2677    192    1    2    9   11   12   13   17   18
  2678    192    1    2    9   11   12   13   17   19
  2679    192    1    2    9   11   12   13   17   20
  2680    192    1    2    9   11   12   13   17   21
  2681    192    1    2    9   11   12   13   17   22
  2682    192    1    2    9   11   12   13   17   23
  2683    192    1    2    9   11   12   13   17   24
  2684    192    1    2    9   11   12   13   18   19
  2685    192    1    2    9   11   12   13   18   20
  2686    192    1    2    9   11   12   13   18   21
  2687    192    1    2    9   11   12   13   18   22
  2688    192    1    2    9   11   12   13   18   23
  2689    192    1    2    9   11   12   13   18   24
  2690    192    1    2    9   11   12   13   19   22
  2691    192    1    2    9   11   12   13   19   23
  2692    192    1    2    9   11   12   13   19   24
  2693    192    1    2    9   11   12   13   20   21
  2694    192    1    2    9   11   12   13   20   22
  2695     96    1    2    9   11   12   13   20   24
  2696    192    1    2    9   11   12   13   21   22
  2697    192    1    2    9   11   12   13   21   24
  2698    192    1    2    9   11   12   13   22   23
  2699    192    1    2    9   11   12   13   22   24
  2700     96    1    2    9   11   12   13   23   24
  2701    192    1    2    9   11   12   14   16   17
  2702    192    1    2    9   11   12   14   16   18
  2703    192    1    2    9   11   12   14   16   20
  2704    192    1    2    9   11   12   14   16   21
  2705    192    1    2    9   11   12   14   16   22
  2706    192    1    2    9   11   12   14   16   23
  2707    192    1    2    9   11   12   14   16   24
  2708    192    1    2    9   11   12   14   17   18
  2709    192    1    2    9   11   12   14   17   19
  2710    192    1    2    9   11   12   14   17   20
  2711     96    1    2    9   11   12   14   17   21
  2712    192    1    2    9   11   12   14   17   22
  2713    192    1    2    9   11   12   14   17   23
  2714    192    1    2    9   11   12   14   17   24
  2715    192    1    2    9   11   12   14   18   19
  2716    192    1    2    9   11   12   14   18   20
  2717    192    1    2    9   11   12   14   18   21
  2718    192    1    2    9   11   12   14   18   22
  2719    192    1    2    9   11   12   14   18   23
  2720    192    1    2    9   11   12   14   18   24
  2721     96    1    2    9   11   12   14   19   22
  2722    192    1    2    9   11   12   14   19   23
  2723    192    1    2    9   11   12   14   19   24
  2724    192    1    2    9   11   12   14   20   21
  2725    192    1    2    9   11   12   14   20   22
  2726    192    1    2    9   11   12   14   20   24
  2727     96    1    2    9   11   12   14   21   22
  2728    192    1    2    9   11   12   14   21   24
  2729    192    1    2    9   11   12   14   22   23
  2730    192    1    2    9   11   12   14   22   24
  2731    192    1    2    9   11   12   14   23   24
  2732     96    1    2    9   11   12   16   17   18
  2733    192    1    2    9   11   12   16   17   19
  2734     96    1    2    9   11   12   16   17   20
  2735     96    1    2    9   11   12   16   17   21
  2736    192    1    2    9   11   12   16   17   22
  2737    192    1    2    9   11   12   16   17   24
  2738    192    1    2    9   11   12   16   18   19
  2739    192    1    2    9   11   12   16   18   20
  2740    192    1    2    9   11   12   16   18   21
  2741    192    1    2    9   11   12   16   18   22
  2742    192    1    2    9   11   12   16   18   23
  2743    192    1    2    9   11   12   16   18   24
  2744    192    1    2    9   11   12   16   19   23
  2745    192    1    2    9   11   12   16   19   24
  2746     96    1    2    9   11   12   16   20   22
  2747    192    1    2    9   11   12   16   21   22
  2748    192    1    2    9   11   12   16   21   24
  2749    192    1    2    9   11   12   16   22   23
  2750    192    1    2    9   11   12   16   22   24
  2751    192    1    2    9   11   12   16   23   24
  2752    192    1    2    9   11   12   17   18   19
  2753    192    1    2    9   11   12   17   18   20
  2754    192    1    2    9   11   12   17   18   21
  2755    192    1    2    9   11   12   17   18   22
  2756    192    1    2    9   11   12   17   18   24
  2757    192    1    2    9   11   12   17   19   22
  2758    192    1    2    9   11   12   17   19   24
  2759    192    1    2    9   11   12   17   20   22
  2760    192    1    2    9   11   12   17   20   24
  2761     96    1    2    9   11   12   17   21   24
  2762    192    1    2    9   11   12   17   22   24
  2763    192    1    2    9   11   12   18   19   22
  2764    192    1    2    9   11   12   18   19   23
  2765    192    1    2    9   11   12   18   19   24
  2766    192    1    2    9   11   12   18   20   21
  2767    192    1    2    9   11   12   18   20   22
  2768    192    1    2    9   11   12   18   20   24
  2769    192    1    2    9   11   12   18   21   22
  2770    192    1    2    9   11   12   18   21   24
  2771    192    1    2    9   11   12   18   22   23
  2772     96    1    2    9   11   12   18   22   24
  2773    192    1    2    9   11   12   18   23   24
  2774    192    1    2    9   11   12   19   22   23
  2775    192    1    2    9   11   12   19   22   24
  2776    192    1    2    9   11   12   19   23   24
  2777    192    1    2    9   11   12   20   21   22
  2778    192    1    2    9   11   12   20   21   24
  2779    192    1    2    9   11   12   20   22   24
  2780    192    1    2    9   11   12   21   22   24
  2781    192    1    2    9   11   12   22   23   24
  2782    192    1    2    9   11   13   16   17   19
  2783     96    1    2    9   11   13   16   17   20
  2784    192    1    2    9   11   13   16   17   22
  2785    192    1    2    9   11   13   16   17   24
  2786    192    1    2    9   11   13   16   18   19
  2787    192    1    2    9   11   13   16   18   20
  2788    192    1    2    9   11   13   16   18   21
  2789     96    1    2    9   11   13   16   18   22
  2790    192    1    2    9   11   13   16   18   23
  2791    192    1    2    9   11   13   16   18   24
  2792     96    1    2    9   11   13   16   19   22
  2793    192    1    2    9   11   13   16   19   23
  2794    192    1    2    9   11   13   16   19   24
  2795     96    1    2    9   11   13   16   20   22
  2796     96    1    2    9   11   13   16   21   22
  2797    192    1    2    9   11   13   16   21   24
  2798     96    1    2    9   11   13   16   22   23
  2799    192    1    2    9   11   13   16   22   24
  2800    192    1    2    9   11   13   17   18   19
  2801    192    1    2    9   11   13   17   18   20
  2802    192    1    2    9   11   13   17   18   22
  2803     96    1    2    9   11   13   17   18   24
  2804    192    1    2    9   11   13   17   19   22
  2805    192    1    2    9   11   13   17   19   24
  2806    192    1    2    9   11   13   17   20   22
  2807    192    1    2    9   11   13   17   22   24
  2808    192    1    2    9   11   13   18   19   22
  2809     96    1    2    9   11   13   18   19   23
  2810    192    1    2    9   11   13   18   19   24
  2811    192    1    2    9   11   13   18   20   21
  2812    192    1    2    9   11   13   18   20   22
  2813    192    1    2    9   11   13   18   21   22
  2814    192    1    2    9   11   13   18   21   24
  2815    192    1    2    9   11   13   19   22   24
  2816     96    1    2    9   11   13   21   22   24
  2817    192    1    2    9   11   14   16   17   19
  2818    192    1    2    9   11   14   16   17   20
  2819    192    1    2    9   11   14   16   17   22
  2820    192    1    2    9   11   14   16   17   24
  2821    192    1    2    9   11   14   16   18   19
  2822    192    1    2    9   11   14   16   18   20
  2823    192    1    2    9   11   14   16   18   21
  2824    192    1    2    9   11   14   16   18   23
  2825     48    1    2    9   11   14   16   18   24
  2826    192    1    2    9   11   14   16   19   23
  2827    192    1    2    9   11   14   16   19   24
  2828    192    1    2    9   11   14   16   20   22
  2829     48    1    2    9   11   14   16   20   24
  2830     48    1    2    9   11   14   16   21   24
  2831    192    1    2    9   11   14   16   22   23
  2832    192    1    2    9   11   14   17   18   19
  2833    192    1    2    9   11   14   17   18   20
  2834     96    1    2    9   11   14   17   18   22
  2835     96    1    2    9   11   14   17   20   22
  2836     96    1    2    9   11   14   18   19   23
  2837     48    1    2    9   11   14   18   20   21
  2838    192    1    2    9   11   16   17   19   24
  2839     96    1    2    9   11   16   17   20   22
  2840    192    1    2    9   11   16   17   22   24
  2841     96    1    2    9   11   16   18   19   23
  2842     48    1    2    9   11   16   18   20   21
  2843    192    1    2    9   11   16   19   23   24
  2844    192    1    2    9   11   16   22   23   24
  2845    192    1    2    9   11   17   18   19   22
  2846    192    1    2    9   11   17   18   20   22
  2847     96    1    2    9   11   17   19   22   24
  2848     96    1    2    9   11   17   20   22   24
  2849     96    1    2    9   11   18   19   22   23
  2850     96    1    2    9   11   18   19   23   24
  2851     48    1    2    9   11   18   20   21   24
  2852    192    1    2    9   12   13   16   17   21
  2853    192    1    2    9   12   13   16   17   22
  2854    192    1    2    9   12   13   16   17   24
  2855    192    1    2    9   12   13   16   21   22
  2856     96    1    2    9   12   13   16   21   24
  2857    192    1    2    9   12   13   17   18   20
  2858    192    1    2    9   12   13   17   18   21
  2859     48    1    2    9   12   13   17   18   22
  2860     48    1    2    9   12   13   17   20   22
  2861     48    1    2    9   12   13   17   21   22
  2862     48    1    2    9   12   13   18   20   21
  2863     96    1    2    9   12   16   17   21   24
  2864    192    1    2    9   12   16   17   22   24
  2865     96    1    2    9   12   16   21   22   24
  2866     96    1    2    9   12   16   22   23   24
  2867     48    1    2    9   12   17   18   20   21
  2868     48    1    2    9   12   18   20   21   22
  2869     96    1    2   11   12   13   14   16   17
  2870     96    1    2   11   12   13   14   16   22
  2871     48    1    2   11   12   13   14   16   24
  2872     48    1    2   11   12   13   14   17   22
  2873     48    1    2   11   12   13   16   17   22
  2874    192    1    5    9   10   11   12   13   14
  2875    192    1    5    9   10   11   12   13   15
  2876    192    1    5    9   10   11   12   13   16
  2877    192    1    5    9   10   11   12   13   17
  2878    192    1    5    9   10   11   12   13   18
  2879    192    1    5    9   10   11   12   13   19
  2880    192    1    5    9   10   11   12   13   20
  2881    192    1    5    9   10   11   12   13   21
  2882    192    1    5    9   10   11   12   13   22
  2883    192    1    5    9   10   11   12   13   23
  2884     96    1    5    9   10   11   12   13   24
  2885    192    1    5    9   10   11   12   14   15
  2886    192    1    5    9   10   11   12   14   16
  2887    192    1    5    9   10   11   12   14   17
  2888     96    1    5    9   10   11   12   14   18
  2889    192    1    5    9   10   11   12   14   19
  2890    192    1    5    9   10   11   12   14   20
  2891    192    1    5    9   10   11   12   14   21
  2892    192    1    5    9   10   11   12   14   22
  2893    192    1    5    9   10   11   12   14   23
  2894    192    1    5    9   10   11   12   15   16
  2895    192    1    5    9   10   11   12   15   17
  2896    192    1    5    9   10   11   12   15   19
  2897    192    1    5    9   10   11   12   15   20
  2898    192    1    5    9   10   11   12   15   21
  2899     96    1    5    9   10   11   12   15   22
  2900    192    1    5    9   10   11   12   15   23
  2901    192    1    5    9   10   11   12   16   17
  2902     96    1    5    9   10   11   12   16   19
  2903    192    1    5    9   10   11   12   16   20
  2904    192    1    5    9   10   11   12   16   21
  2905    192    1    5    9   10   11   12   16   23
  2906    192    1    5    9   10   11   12   17   20
  2907     96    1    5    9   10   11   12   17   21
  2908    192    1    5    9   10   11   12   17   23
  2909     96    1    5    9   10   11   12   20   23
  2910     96    1    5    9   10   11   13   14   16
  2911    192    1    5    9   10   11   13   14   17
  2912    192    1    5    9   10   11   13   14   18
  2913    192    1    5    9   10   11   13   14   21
  2914     96    1    5    9   10   11   13   14   22
  2915     96    1    5    9   10   11   13   14   23
  2916    192    1    5    9   10   11   13   15   16
  2917    192    1    5    9   10   11   13   15   17
  2918    192    1    5    9   10   11   13   15   18
  2919    192    1    5    9   10   11   13   15   19
  2920    192    1    5    9   10   11   13   15   20
  2921    192    1    5    9   10   11   13   15   21
  2922    192    1    5    9   10   11   13   15   22
  2923    192    1    5    9   10   11   13   15   23
  2924    192    1    5    9   10   11   13   15   24
  2925    192    1    5    9   10   11   13   16   17
  2926    192    1    5    9   10   11   13   16   18
  2927    192    1    5    9   10   11   13   16   19
  2928    192    1    5    9   10   11   13   16   20
  2929    192    1    5    9   10   11   13   16   21
  2930    192    1    5    9   10   11   13   16   22
  2931    192    1    5    9   10   11   13   16   23
  2932    192    1    5    9   10   11   13   16   24
  2933    192    1    5    9   10   11   13   17   18
  2934    192    1    5    9   10   11   13   17   19
  2935    192    1    5    9   10   11   13   17   20
  2936    192    1    5    9   10   11   13   17   21
  2937    192    1    5    9   10   11   13   17   22
  2938    192    1    5    9   10   11   13   17   23
  2939    192    1    5    9   10   11   13   17   24
  2940    192    1    5    9   10   11   13   18   19
  2941    192    1    5    9   10   11   13   18   20
  2942    192    1    5    9   10   11   13   18   21
  2943    192    1    5    9   10   11   13   18   22
  2944    192    1    5    9   10   11   13   18   23
  2945    192    1    5    9   10   11   13   19   20
  2946    192    1    5    9   10   11   13   19   21
  2947    192    1    5    9   10   11   13   19   22
  2948    192    1    5    9   10   11   13   19   23
  2949    192    1    5    9   10   11   13   20   21
  2950    192    1    5    9   10   11   13   20   22
  2951    192    1    5    9   10   11   13   20   23
  2952     96    1    5    9   10   11   13   20   24
  2953    192    1    5    9   10   11   13   21   22
  2954    192    1    5    9   10   11   13   21   23
  2955    192    1    5    9   10   11   13   22   23
  2956     96    1    5    9   10   11   13   23   24
  2957    192    1    5    9   10   11   14   15   16
  2958    192    1    5    9   10   11   14   15   17
  2959    192    1    5    9   10   11   14   15   18
  2960    192    1    5    9   10   11   14   15   19
  2961    192    1    5    9   10   11   14   15   20
  2962    192    1    5    9   10   11   14   15   21
  2963    192    1    5    9   10   11   14   15   22
  2964    192    1    5    9   10   11   14   15   23
  2965    192    1    5    9   10   11   14   16   17
  2966    192    1    5    9   10   11   14   16   18
  2967    192    1    5    9   10   11   14   16   19
  2968    192    1    5    9   10   11   14   16   20
  2969    192    1    5    9   10   11   14   16   21
  2970    192    1    5    9   10   11   14   16   22
  2971    192    1    5    9   10   11   14   16   23
  2972    192    1    5    9   10   11   14   17   18
  2973    192    1    5    9   10   11   14   17   19
  2974    192    1    5    9   10   11   14   17   20
  2975    192    1    5    9   10   11   14   17   21
  2976    192    1    5    9   10   11   14   17   22
  2977    192    1    5    9   10   11   14   17   23
  2978     96    1    5    9   10   11   14   18   20
  2979     96    1    5    9   10   11   14   18   23
  2980    192    1    5    9   10   11   14   19   20
  2981     96    1    5    9   10   11   14   19   21
  2982    192    1    5    9   10   11   14   19   22
  2983    192    1    5    9   10   11   14   19   23
  2984    192    1    5    9   10   11   14   20   21
  2985    192    1    5    9   10   11   14   20   22
  2986    192    1    5    9   10   11   14   20   23
  2987    192    1    5    9   10   11   14   21   22
  2988    192    1    5    9   10   11   14   21   23
  2989    192    1    5    9   10   11   14   22   23
  2990    192    1    5    9   10   11   15   16   17
  2991    192    1    5    9   10   11   15   16   19
  2992    192    1    5    9   10   11   15   16   20
  2993    192    1    5    9   10   11   15   16   21
  2994    192    1    5    9   10   11   15   16   22
  2995    192    1    5    9   10   11   15   16   23
  2996    192    1    5    9   10   11   15   17   19
  2997    192    1    5    9   10   11   15   17   20
  2998    192    1    5    9   10   11   15   17   21
  2999    192    1    5    9   10   11   15   17   22
  3000    192    1    5    9   10   11   15   17   23
  3001    192    1    5    9   10   11   15   19   20
  3002    192    1    5    9   10   11   15   19   21
  3003    192    1    5    9   10   11   15   19   23
  3004    192    1    5    9   10   11   15   20   21
  3005     96    1    5    9   10   11   15   20   22
  3006    192    1    5    9   10   11   15   20   23
  3007    192    1    5    9   10   11   15   21   23
  3008     96    1    5    9   10   11   15   22   23
  3009    192    1    5    9   10   11   16   17   19
  3010    192    1    5    9   10   11   16   17   20
  3011    192    1    5    9   10   11   16   17   21
  3012    192    1    5    9   10   11   16   17   23
  3013     48    1    5    9   10   11   16   19   20
  3014     96    1    5    9   10   11   16   19   23
  3015    192    1    5    9   10   11   16   20   21
  3016    192    1    5    9   10   11   16   20   23
  3017    192    1    5    9   10   11   16   21   23
  3018     96    1    5    9   10   11   17   20   21
  3019    192    1    5    9   10   11   17   20   23
  3020     96    1    5    9   10   11   17   21   23
  3021    192    1    5    9   10   12   13   15   16
  3022    192    1    5    9   10   12   13   15   17
  3023    192    1    5    9   10   12   13   15   18
  3024    192    1    5    9   10   12   13   15   19
  3025    192    1    5    9   10   12   13   15   20
  3026    192    1    5    9   10   12   13   15   21
  3027    192    1    5    9   10   12   13   15   22
  3028    192    1    5    9   10   12   13   15   23
  3029    192    1    5    9   10   12   13   15   24
  3030    192    1    5    9   10   12   13   16   17
  3031    192    1    5    9   10   12   13   16   18
  3032    192    1    5    9   10   12   13   16   19
  3033    192    1    5    9   10   12   13   16   20
  3034    192    1    5    9   10   12   13   16   21
  3035    192    1    5    9   10   12   13   16   22
  3036    192    1    5    9   10   12   13   16   23
  3037    192    1    5    9   10   12   13   16   24
  3038    192    1    5    9   10   12   13   17   18
  3039    192    1    5    9   10   12   13   17   19
  3040    192    1    5    9   10   12   13   17   20
  3041    192    1    5    9   10   12   13   17   21
  3042    192    1    5    9   10   12   13   17   22
  3043    192    1    5    9   10   12   13   17   23
  3044    192    1    5    9   10   12   13   17   24
  3045    192    1    5    9   10   12   13   18   19
  3046    192    1    5    9   10   12   13   18   20
  3047    192    1    5    9   10   12   13   18   21
  3048    192    1    5    9   10   12   13   18   22
  3049    192    1    5    9   10   12   13   18   23
  3050    192    1    5    9   10   12   13   19   20
  3051    192    1    5    9   10   12   13   19   21
  3052    192    1    5    9   10   12   13   19   22
  3053    192    1    5    9   10   12   13   19   23
  3054    192    1    5    9   10   12   13   20   21
  3055    192    1    5    9   10   12   13   20   22
  3056    192    1    5    9   10   12   13   20   23
  3057     96    1    5    9   10   12   13   20   24
  3058    192    1    5    9   10   12   13   21   22
  3059    192    1    5    9   10   12   13   21   23
  3060    192    1    5    9   10   12   13   22   23
  3061     96    1    5    9   10   12   13   23   24
  3062     96    1    5    9   10   12   14   15   16
  3063    192    1    5    9   10   12   14   15   17
  3064    192    1    5    9   10   12   14   15   18
  3065     96    1    5    9   10   12   14   15   22
  3066     96    1    5    9   10   12   14   15   23
  3067    192    1    5    9   10   12   14   16   17
  3068    192    1    5    9   10   12   14   16   18
  3069     96    1    5    9   10   12   14   16   19
  3070    192    1    5    9   10   12   14   16   20
  3071    192    1    5    9   10   12   14   16   21
  3072    192    1    5    9   10   12   14   16   22
  3073    192    1    5    9   10   12   14   16   23
  3074    192    1    5    9   10   12   14   17   18
  3075    192    1    5    9   10   12   14   17   19
  3076    192    1    5    9   10   12   14   17   20
  3077    192    1    5    9   10   12   14   17   21
  3078    192    1    5    9   10   12   14   17   22
  3079    192    1    5    9   10   12   14   17   23
  3080     96    1    5    9   10   12   14   18   20
  3081     96    1    5    9   10   12   14   18   23
  3082    192    1    5    9   10   12   14   19   20
  3083     96    1    5    9   10   12   14   19   22
  3084    192    1    5    9   10   12   14   19   23
  3085    192    1    5    9   10   12   14   20   21
  3086    192    1    5    9   10   12   14   20   22
  3087    192    1    5    9   10   12   14   20   23
  3088    192    1    5    9   10   12   14   21   22
  3089    192    1    5    9   10   12   14   21   23
  3090    192    1    5    9   10   12   14   22   23
  3091    192    1    5    9   10   12   15   16   17
  3092     96    1    5    9   10   12   15   16   19
  3093    192    1    5    9   10   12   15   16   20
  3094    192    1    5    9   10   12   15   16   21
  3095    192    1    5    9   10   12   15   16   22
  3096    192    1    5    9   10   12   15   16   23
  3097    192    1    5    9   10   12   15   17   19
  3098    192    1    5    9   10   12   15   17   20
  3099    192    1    5    9   10   12   15   17   21
  3100    192    1    5    9   10   12   15   17   22
  3101    192    1    5    9   10   12   15   17   23
  3102    192    1    5    9   10   12   15   19   20
  3103    192    1    5    9   10   12   15   19   21
  3104    192    1    5    9   10   12   15   19   23
  3105    192    1    5    9   10   12   15   20   21
  3106     96    1    5    9   10   12   15   20   22
  3107    192    1    5    9   10   12   15   20   23
  3108    192    1    5    9   10   12   15   21   23
  3109     96    1    5    9   10   12   15   22   23
  3110    192    1    5    9   10   12   16   17   20
  3111    192    1    5    9   10   12   16   17   21
  3112    192    1    5    9   10   12   16   17   23
  3113     48    1    5    9   10   12   16   19   23
  3114    192    1    5    9   10   12   16   20   21
  3115    192    1    5    9   10   12   16   20   23
  3116    192    1    5    9   10   12   16   21   23
  3117     96    1    5    9   10   12   17   20   21
  3118    192    1    5    9   10   12   17   20   23
  3119     96    1    5    9   10   12   17   21   23
  3120    192    1    5    9   10   13   15   16   17
  3121    192    1    5    9   10   13   15   16   19
  3122    192    1    5    9   10   13   15   16   20
  3123    192    1    5    9   10   13   15   16   21
  3124    192    1    5    9   10   13   15   16   22
  3125    192    1    5    9   10   13   15   16   23
  3126    192    1    5    9   10   13   15   16   24
  3127     96    1    5    9   10   13   15   17   18
  3128    192    1    5    9   10   13   15   17   19
  3129    192    1    5    9   10   13   15   17   20
  3130    192    1    5    9   10   13   15   17   21
  3131    192    1    5    9   10   13   15   17   22
  3132    192    1    5    9   10   13   15   17   23
  3133    192    1    5    9   10   13   15   17   24
  3134    192    1    5    9   10   13   15   18   19
  3135    192    1    5    9   10   13   15   18   20
  3136    192    1    5    9   10   13   15   18   21
  3137    192    1    5    9   10   13   15   18   23
  3138    192    1    5    9   10   13   15   19   20
  3139    192    1    5    9   10   13   15   19   21
  3140    192    1    5    9   10   13   15   19   22
  3141    192    1    5    9   10   13   15   19   23
  3142    192    1    5    9   10   13   15   19   24
  3143    192    1    5    9   10   13   15   20   21
  3144    192    1    5    9   10   13   15   20   22
  3145    192    1    5    9   10   13   15   20   23
  3146    192    1    5    9   10   13   15   20   24
  3147    192    1    5    9   10   13   15   21   22
  3148    192    1    5    9   10   13   15   21   23
  3149    192    1    5    9   10   13   15   21   24
  3150    192    1    5    9   10   13   15   22   23
  3151     96    1    5    9   10   13   15   22   24
  3152    192    1    5    9   10   13   15   23   24
  3153     96    1    5    9   10   13   16   17   19
  3154    192    1    5    9   10   13   16   17   20
  3155    192    1    5    9   10   13   16   17   21
  3156    192    1    5    9   10   13   16   17   22
  3157    192    1    5    9   10   13   16   17   23
  3158    192    1    5    9   10   13   16   17   24
  3159    192    1    5    9   10   13   16   18   19
  3160     96    1    5    9   10   13   16   18   20
  3161    192    1    5    9   10   13   16   18   21
  3162    192    1    5    9   10   13   16   18   23
  3163     96    1    5    9   10   13   16   19   21
  3164    192    1    5    9   10   13   16   19   22
  3165    192    1    5    9   10   13   16   19   23
  3166     96    1    5    9   10   13   16   19   24
  3167    192    1    5    9   10   13   16   20   21
  3168    192    1    5    9   10   13   16   20   22
  3169    192    1    5    9   10   13   16   20   23
  3170    192    1    5    9   10   13   16   20   24
  3171    192    1    5    9   10   13   16   21   22
  3172    192    1    5    9   10   13   16   21   23
  3173    192    1    5    9   10   13   16   21   24
  3174    192    1    5    9   10   13   16   22   23
  3175    192    1    5    9   10   13   16   23   24
  3176     96    1    5    9   10   13   17   18   19
  3177    192    1    5    9   10   13   17   18   20
  3178     96    1    5    9   10   13   17   18   23
  3179    192    1    5    9   10   13   17   19   20
  3180    192    1    5    9   10   13   17   19   21
  3181    192    1    5    9   10   13   17   19   22
  3182    192    1    5    9   10   13   17   19   23
  3183    192    1    5    9   10   13   17   20   21
  3184    192    1    5    9   10   13   17   20   22
  3185    192    1    5    9   10   13   17   20   23
  3186    192    1    5    9   10   13   17   20   24
  3187    192    1    5    9   10   13   17   21   22
  3188    192    1    5    9   10   13   17   21   23
  3189     96    1    5    9   10   13   17   21   24
  3190    192    1    5    9   10   13   17   22   23
  3191    192    1    5    9   10   13   17   23   24
  3192    192    1    5    9   10   13   18   19   20
  3193    192    1    5    9   10   13   18   19   21
  3194    192    1    5    9   10   13   18   19   23
  3195    192    1    5    9   10   13   18   20   21
  3196    192    1    5    9   10   13   18   20   23
  3197    192    1    5    9   10   13   18   21   23
  3198    192    1    5    9   10   13   19   20   21
  3199    192    1    5    9   10   13   19   20   22
  3200    192    1    5    9   10   13   19   20   23
  3201    192    1    5    9   10   13   19   21   22
  3202    192    1    5    9   10   13   19   21   23
  3203    192    1    5    9   10   13   19   22   23
  3204    192    1    5    9   10   13   20   21   22
  3205    192    1    5    9   10   13   20   21   23
  3206    192    1    5    9   10   13   20   22   23
  3207     96    1    5    9   10   13   20   23   24
  3208    192    1    5    9   10   13   21   22   23
  3209     96    1    5    9   10   14   16   17   20
  3210    192    1    5    9   10   14   16   17   22
  3211    192    1    5    9   10   14   16   17   23
  3212     16    1    5    9   10   14   16   18   19
  3213     96    1    5    9   10   14   16   18   23
  3214     96    1    5    9   10   14   16   22   23
  3215     96    1    5    9   10   14   17   19   23
  3216     96    1    5    9   10   14   17   20   22
  3217     96    1    5    9   10   14   17   20   23
  3218    192    1    5    9   10   14   17   22   23
  3219    192    1    5    9   10   15   16   17   20
  3220    192    1    5    9   10   15   16   17   21
  3221    192    1    5    9   10   15   16   17   22
  3222    192    1    5    9   10   15   16   17   23
  3223     48    1    5    9   10   15   16   19   22
  3224     96    1    5    9   10   15   16   19   23
  3225    192    1    5    9   10   15   16   20   21
  3226    192    1    5    9   10   15   16   20   22
  3227    192    1    5    9   10   15   16   20   23
  3228    192    1    5    9   10   15   16   21   22
  3229    192    1    5    9   10   15   16   21   23
  3230    192    1    5    9   10   15   16   22   23
  3231    192    1    5    9   10   15   17   19   20
  3232    192    1    5    9   10   15   17   19   21
  3233    192    1    5    9   10   15   17   19   23
  3234    192    1    5    9   10   15   17   20   21
  3235    192    1    5    9   10   15   17   20   22
  3236    192    1    5    9   10   15   17   20   23
  3237     96    1    5    9   10   15   17   21   22
  3238    192    1    5    9   10   15   17   21   23
  3239    192    1    5    9   10   15   17   22   23
  3240    192    1    5    9   10   15   19   20   21
  3241    192    1    5    9   10   15   19   20   23
  3242    192    1    5    9   10   15   19   21   23
  3243    192    1    5    9   10   15   20   21   23
  3244     96    1    5    9   10   15   20   22   23
  3245    192    1    5    9   10   16   17   20   21
  3246    192    1    5    9   10   16   17   20   23
  3247    192    1    5    9   10   16   17   21   23
  3248    192    1    5    9   10   16   20   21   23
  3249     96    1    5    9   10   17   20   21   23
  3250     96    1    5    9   11   12   13   15   16
  3251    192    1    5    9   11   12   13   15   17
  3252    192    1    5    9   11   12   13   15   18
  3253    192    1    5    9   11   12   13   15   21
  3254     96    1    5    9   11   12   13   15   22
  3255     96    1    5    9   11   12   13   15   23
  3256    192    1    5    9   11   12   13   16   17
  3257    192    1    5    9   11   12   13   16   20
  3258    192    1    5    9   11   12   13   16   21
  3259    192    1    5    9   11   12   13   16   22
  3260    192    1    5    9   11   12   13   16   23
  3261    192    1    5    9   11   12   13   16   24
  3262    192    1    5    9   11   12   13   17   18
  3263    192    1    5    9   11   12   13   17   19
  3264    192    1    5    9   11   12   13   17   20
  3265    192    1    5    9   11   12   13   17   21
  3266    192    1    5    9   11   12   13   17   22
  3267    192    1    5    9   11   12   13   17   23
  3268    192    1    5    9   11   12   13   17   24
  3269    192    1    5    9   11   12   13   18   19
  3270    192    1    5    9   11   12   13   18   20
  3271    192    1    5    9   11   12   13   18   21
  3272    192    1    5    9   11   12   13   18   22
  3273    192    1    5    9   11   12   13   18   23
  3274    192    1    5    9   11   12   13   18   24
  3275    192    1    5    9   11   12   13   19   20
  3276    192    1    5    9   11   12   13   19   21
  3277    192    1    5    9   11   12   13   19   22
  3278    192    1    5    9   11   12   13   19   23
  3279    192    1    5    9   11   12   13   19   24
  3280    192    1    5    9   11   12   13   20   21
  3281    192    1    5    9   11   12   13   20   22
  3282    192    1    5    9   11   12   13   20   23
  3283    192    1    5    9   11   12   13   20   24
  3284    192    1    5    9   11   12   13   21   22
  3285    192    1    5    9   11   12   13   21   23
  3286    192    1    5    9   11   12   13   21   24
  3287    192    1    5    9   11   12   13   22   23
  3288    192    1    5    9   11   12   13   22   24
  3289    192    1    5    9   11   12   13   23   24
  3290     96    1    5    9   11   12   15   16   17
  3291     96    1    5    9   11   12   15   16   20
  3292    192    1    5    9   11   12   15   16   21
  3293    192    1    5    9   11   12   15   16   22
  3294    192    1    5    9   11   12   15   16   23
  3295    192    1    5    9   11   12   15   16   24
  3296    192    1    5    9   11   12   15   17   18
  3297    192    1    5    9   11   12   15   17   19
  3298    192    1    5    9   11   12   15   17   20
  3299    192    1    5    9   11   12   15   17   21
  3300    192    1    5    9   11   12   15   17   22
  3301    192    1    5    9   11   12   15   17   23
  3302    192    1    5    9   11   12   15   17   24
  3303    192    1    5    9   11   12   15   18   19
  3304    192    1    5    9   11   12   15   18   20
  3305    192    1    5    9   11   12   15   18   21
  3306    192    1    5    9   11   12   15   18   22
  3307    192    1    5    9   11   12   15   18   23
  3308    192    1    5    9   11   12   15   18   24
  3309    192    1    5    9   11   12   15   19   20
  3310    192    1    5    9   11   12   15   19   21
  3311    192    1    5    9   11   12   15   19   22
  3312    192    1    5    9   11   12   15   19   23
  3313    192    1    5    9   11   12   15   19   24
  3314    192    1    5    9   11   12   15   20   21
  3315    192    1    5    9   11   12   15   20   22
  3316    192    1    5    9   11   12   15   20   23
  3317    192    1    5    9   11   12   15   20   24
  3318    192    1    5    9   11   12   15   21   22
  3319    192    1    5    9   11   12   15   21   23
  3320    192    1    5    9   11   12   15   21   24
  3321    192    1    5    9   11   12   15   22   23
  3322    192    1    5    9   11   12   15   22   24
  3323    192    1    5    9   11   12   15   23   24
  3324    192    1    5    9   11   12   16   17   21
  3325    192    1    5    9   11   12   16   17   22
  3326    192    1    5    9   11   12   16   17   23
  3327    192    1    5    9   11   12   16   17   24
  3328    192    1    5    9   11   12   16   20   21
  3329     96    1    5    9   11   12   16   20   22
  3330     96    1    5    9   11   12   16   20   23
  3331    192    1    5    9   11   12   16   21   22
  3332    192    1    5    9   11   12   16   21   23
  3333    192    1    5    9   11   12   16   21   24
  3334    192    1    5    9   11   12   16   22   23
  3335    192    1    5    9   11   12   16   22   24
  3336    192    1    5    9   11   12   16   23   24
  3337    192    1    5    9   11   12   17   18   19
  3338    192    1    5    9   11   12   17   18   20
  3339    192    1    5    9   11   12   17   18   21
  3340    192    1    5    9   11   12   17   18   22
  3341    192    1    5    9   11   12   17   18   23
  3342    192    1    5    9   11   12   17   18   24
  3343    192    1    5    9   11   12   17   19   20
  3344    192    1    5    9   11   12   17   19   21
  3345    192    1    5    9   11   12   17   19   22
  3346    192    1    5    9   11   12   17   19   23
  3347    192    1    5    9   11   12   17   19   24
  3348    192    1    5    9   11   12   17   20   21
  3349    192    1    5    9   11   12   17   20   22
  3350    192    1    5    9   11   12   17   20   23
  3351    192    1    5    9   11   12   17   20   24
  3352    192    1    5    9   11   12   17   21   22
  3353    192    1    5    9   11   12   17   21   23
  3354    192    1    5    9   11   12   17   21   24
  3355    192    1    5    9   11   12   17   22   23
  3356    192    1    5    9   11   12   17   22   24
  3357    192    1    5    9   11   12   17   23   24
  3358     96    1    5    9   11   12   18   19   20
  3359    192    1    5    9   11   12   18   19   21
  3360    192    1    5    9   11   12   18   19   22
  3361    192    1    5    9   11   12   18   19   23
  3362    192    1    5    9   11   12   18   19   24
  3363    192    1    5    9   11   12   18   20   21
  3364    192    1    5    9   11   12   18   20   22
  3365    192    1    5    9   11   12   18   20   23
  3366    192    1    5    9   11   12   18   20   24
  3367    192    1    5    9   11   12   18   21   22
  3368    192    1    5    9   11   12   18   21   23
  3369    192    1    5    9   11   12   18   21   24
  3370    192    1    5    9   11   12   18   22   23
  3371     96    1    5    9   11   12   18   22   24
  3372    192    1    5    9   11   12   18   23   24
  3373     96    1    5    9   11   12   19   20   23
  3374    192    1    5    9   11   12   19   21   23
  3375    192    1    5    9   11   12   19   21   24
  3376    192    1    5    9   11   12   19   22   23
  3377    192    1    5    9   11   12   19   22   24
  3378    192    1    5    9   11   12   19   23   24
  3379    192    1    5    9   11   12   20   21   22
  3380    192    1    5    9   11   12   20   21   23
  3381    192    1    5    9   11   12   20   21   24
  3382    192    1    5    9   11   12   20   22   23
  3383    192    1    5    9   11   12   20   22   24
  3384    192    1    5    9   11   12   20   23   24
  3385    192    1    5    9   11   12   21   22   23
  3386    192    1    5    9   11   12   21   22   24
  3387    192    1    5    9   11   12   21   23   24
  3388    192    1    5    9   11   12   22   23   24
  3389     48    1    5    9   11   13   16   17   20
  3390    192    1    5    9   11   13   16   17   21
  3391    192    1    5    9   11   13   16   17   22
  3392    192    1    5    9   11   13   16   17   23
  3393    192    1    5    9   11   13   16   17   24
  3394    192    1    5    9   11   13   16   21   22
  3395    192    1    5    9   11   13   16   21   23
  3396     96    1    5    9   11   13   16   21   24
  3397     96    1    5    9   11   13   16   22   23
  3398    192    1    5    9   11   13   17   18   19
  3399    192    1    5    9   11   13   17   18   20
  3400    192    1    5    9   11   13   17   18   21
  3401    192    1    5    9   11   13   17   18   22
  3402    192    1    5    9   11   13   17   18   23
  3403     96    1    5    9   11   13   17   18   24
  3404    192    1    5    9   11   13   17   19   21
  3405    192    1    5    9   11   13   17   19   22
  3406    192    1    5    9   11   13   17   19   23
  3407    192    1    5    9   11   13   17   19   24
  3408    192    1    5    9   11   13   17   20   21
  3409     96    1    5    9   11   13   17   20   22
  3410     96    1    5    9   11   13   17   20   23
  3411    192    1    5    9   11   13   17   21   22
  3412    192    1    5    9   11   13   17   21   23
  3413    192    1    5    9   11   13   17   21   24
  3414    192    1    5    9   11   13   17   22   23
  3415    192    1    5    9   11   13   17   22   24
  3416    192    1    5    9   11   13   17   23   24
  3417    192    1    5    9   11   13   18   19   21
  3418     96    1    5    9   11   13   18   19   22
  3419     96    1    5    9   11   13   18   19   23
  3420    192    1    5    9   11   13   18   21   22
  3421    192    1    5    9   11   13   18   21   23
  3422    192    1    5    9   11   13   18   21   24
  3423    192    1    5    9   11   13   18   22   23
  3424    192    1    5    9   11   13   18   23   24
  3425    192    1    5    9   11   13   21   22   23
  3426     96    1    5    9   11   13   21   22   24
  3427     96    1    5    9   11   13   21   23   24
  3428    192    1    5    9   11   15   16   20   21
  3429     96    1    5    9   11   15   16   20   22
  3430     96    1    5    9   11   15   16   20   23
  3431    192    1    5    9   11   15   16   21   22
  3432    192    1    5    9   11   15   16   21   23
  3433    192    1    5    9   11   15   16   21   24
  3434    192    1    5    9   11   15   16   22   23
  3435    192    1    5    9   11   15   16   22   24
  3436    192    1    5    9   11   15   16   23   24
  3437    192    1    5    9   11   15   17   19   20
  3438    192    1    5    9   11   15   17   19   21
  3439    192    1    5    9   11   15   17   19   22
  3440    192    1    5    9   11   15   17   19   23
  3441    192    1    5    9   11   15   17   19   24
  3442    192    1    5    9   11   15   17   20   21
  3443    192    1    5    9   11   15   17   20   22
  3444    192    1    5    9   11   15   17   20   23
  3445    192    1    5    9   11   15   17   20   24
  3446    192    1    5    9   11   15   17   21   22
  3447    192    1    5    9   11   15   17   21   23
  3448    192    1    5    9   11   15   17   21   24
  3449    192    1    5    9   11   15   17   22   23
  3450    192    1    5    9   11   15   17   22   24
  3451    192    1    5    9   11   15   17   23   24
  3452    192    1    5    9   11   15   18   19   20
  3453    192    1    5    9   11   15   18   19   21
  3454    192    1    5    9   11   15   18   19   22
  3455    192    1    5    9   11   15   18   19   23
  3456     96    1    5    9   11   15   18   19   24
  3457    192    1    5    9   11   15   18   20   21
  3458    192    1    5    9   11   15   18   20   22
  3459    192    1    5    9   11   15   18   20   23
  3460    192    1    5    9   11   15   18   20   24
  3461    192    1    5    9   11   15   18   21   22
  3462    192    1    5    9   11   15   18   21   23
  3463    192    1    5    9   11   15   18   22   23
  3464     96    1    5    9   11   15   18   23   24
  3465     96    1    5    9   11   15   19   20   22
  3466    192    1    5    9   11   15   19   20   23
  3467    192    1    5    9   11   15   19   20   24
  3468    192    1    5    9   11   15   19   21   23
  3469    192    1    5    9   11   15   19   21   24
  3470    192    1    5    9   11   15   19   22   23
  3471    192    1    5    9   11   15   19   22   24
  3472    192    1    5    9   11   15   19   23   24
  3473    192    1    5    9   11   15   20   21   22
  3474    192    1    5    9   11   15   20   21   23
  3475    192    1    5    9   11   15   20   21   24
  3476    192    1    5    9   11   15   20   22   23
  3477    192    1    5    9   11   15   20   22   24
  3478    192    1    5    9   11   15   20   23   24
  3479    192    1    5    9   11   15   21   22   23
  3480    192    1    5    9   11   15   21   22   24
  3481    192    1    5    9   11   15   21   23   24
  3482    192    1    5    9   11   15   22   23   24
  3483     96    1    5    9   11   16   17   21   22
  3484     96    1    5    9   11   16   17   21   23
  3485     96    1    5    9   11   16   17   21   24
  3486     96    1    5    9   11   16   17   22   23
  3487     96    1    5    9   11   16   17   22   24
  3488     96    1    5    9   11   16   17   23   24
  3489    192    1    5    9   11   16   20   21   22
  3490    192    1    5    9   11   16   20   21   23
  3491     96    1    5    9   11   16   20   21   24
  3492     96    1    5    9   11   16   20   22   23
  3493    192    1    5    9   11   16   21   22   23
  3494    192    1    5    9   11   16   21   22   24
  3495    192    1    5    9   11   16   21   23   24
  3496    192    1    5    9   11   16   22   23   24
  3497    192    1    5    9   11   17   18   19   20
  3498     64    1    5    9   11   17   18   19   21
  3499    192    1    5    9   11   17   18   19   23
  3500    192    1    5    9   11   17   18   20   21
  3501    192    1    5    9   11   17   18   20   23
  3502    192    1    5    9   11   17   18   21   23
  3503    192    1    5    9   11   17   19   20   23
  3504     96    1    5    9   11   17   19   20   24
  3505    192    1    5    9   11   17   19   22   23
  3506    192    1    5    9   11   17   19   22   24
  3507    192    1    5    9   11   17   19   23   24
  3508    192    1    5    9   11   17   20   21   22
  3509    192    1    5    9   11   17   20   21   23
  3510    192    1    5    9   11   17   20   21   24
  3511    192    1    5    9   11   17   20   22   23
  3512    192    1    5    9   11   17   20   22   24
  3513    192    1    5    9   11   17   20   23   24
  3514    192    1    5    9   11   17   21   22   23
  3515    192    1    5    9   11   17   21   22   24
  3516    192    1    5    9   11   17   21   23   24
  3517    192    1    5    9   11   17   22   23   24
  3518     96    1    5    9   11   18   19   20   23
  3519    192    1    5    9   11   18   19   22   23
  3520     96    1    5    9   11   18   19   23   24
  3521    192    1    5    9   11   18   20   21   22
  3522    192    1    5    9   11   18   20   21   23
  3523     96    1    5    9   11   18   20   21   24
  3524    192    1    5    9   11   18   20   22   23
  3525    192    1    5    9   11   18   20   23   24
  3526    192    1    5    9   11   18   21   22   23
  3527    192    1    5    9   11   19   22   23   24
  3528    192    1    5    9   11   20   21   22   23
  3529    192    1    5    9   11   20   21   22   24
  3530    192    1    5    9   11   20   21   23   24
  3531    192    1    5    9   11   20   22   23   24
  3532    192    1    5    9   11   21   22   23   24
  3533     96    1    5    9   12   15   16   21   22
  3534     96    1    5    9   12   15   16   21   23
  3535     48    1    5    9   12   15   16   21   24
  3536     48    1    5    9   12   15   16   22   23
  3537    192    1    5    9   12   15   17   19   22
  3538    192    1    5    9   12   15   17   19   23
  3539    192    1    5    9   12   15   17   19   24
  3540    192    1    5    9   12   15   17   20   21
  3541     96    1    5    9   12   15   17   20   22
  3542     96    1    5    9   12   15   17   20   23
  3543    192    1    5    9   12   15   17   21   22
  3544    192    1    5    9   12   15   17   21   23
  3545    192    1    5    9   12   15   17   21   24
  3546    192    1    5    9   12   15   17   22   23
  3547    192    1    5    9   12   15   17   22   24
  3548    192    1    5    9   12   15   17   23   24
  3549     32    1    5    9   12   15   18   19   22
  3550     96    1    5    9   12   15   18   19   23
  3551    192    1    5    9   12   15   18   21   23
  3552     96    1    5    9   12   15   18   22   23
  3553    192    1    5    9   12   15   21   22   23
  3554     96    1    5    9   12   15   21   22   24
  3555     96    1    5    9   12   15   21   23   24
  3556    192    1    5    9   12   16   21   22   23
  3557     96    1    5    9   12   16   21   22   24
  3558     96    1    5    9   12   16   21   23   24
  3559     96    1    5    9   12   17   19   23   24
  3560    192    1    5    9   12   17   20   21   22
  3561    192    1    5    9   12   17   20   21   23
  3562    192    1    5    9   12   17   20   21   24
  3563    192    1    5    9   12   17   20   22   23
  3564    192    1    5    9   12   17   20   22   24
  3565    192    1    5    9   12   17   20   23   24
  3566    192    1    5    9   12   17   21   22   23
  3567    192    1    5    9   12   17   21   22   24
  3568    192    1    5    9   12   17   21   23   24
  3569    192    1    5    9   12   17   22   23   24
  3570     96    1    5    9   12   18   20   21   22
  3571    192    1    5    9   12   18   20   21   23
  3572    192    1    5    9   12   18   20   22   23
  3573    192    1    5    9   12   20   21   22   23
  3574    192    1    5    9   12   20   21   22   24
  3575    192    1    5    9   12   20   21   23   24
  3576    192    1    5    9   12   20   22   23   24
  3577    192    1    5    9   12   21   22   23   24
  3578     48    1    5    9   16   21   22   23   24
  3579    192    1    5    9   17   20   21   22   23
  3580     96    1    5    9   17   20   21   22   24
  3581     96    1    5    9   17   20   21   23   24
  3582    192    1    5    9   17   21   22   23   24
  3583     48    1    5   11   12   13   15   17   20
  3584    192    1    5   11   12   13   15   17   21
  3585    192    1    5   11   12   13   15   17   22
  3586    192    1    5   11   12   13   15   17   23
  3587    192    1    5   11   12   13   15   17   24
  3588     96    1    5   11   12   13   15   21   22
  3589    192    1    5   11   12   13   15   21   23
  3590     96    1    5   11   12   13   15   21   24
  3591     96    1    5   11   12   13   15   22   23
  3592    192    1    5   11   12   13   17   20   21
  3593     96    1    5   11   12   13   17   20   22
  3594     96    1    5   11   12   13   17   20   23
  3595     96    1    5   11   12   13   17   21   22
  3596    192    1    5   11   12   13   17   21   23
  3597     96    1    5   11   12   13   17   21   24
  3598    192    1    5   11   12   13   17   22   23
  3599    192    1    5   11   12   13   17   23   24
  3600     96    1    5   11   12   13   20   21   23
  3601    192    1    5   11   12   13   20   22   23
  3602     96    1    5   11   12   13   20   23   24
  3603     96    1    5   11   12   13   21   22   23
  3604     32    1    5   11   12   15   17   21   22
  3605     96    1    5   11   12   15   17   21   23
  3606     96    1    5   11   12   15   17   22   23
  3607     48    1    5   11   12   15   20   22   23
  3608     96    1    5   11   13   17   20   21   23
  3609     16    1    5   11   13   17   20   21   24
  3610     48    1    5   11   13   17   20   22   23
  3611     32    1    9   10   11   12   13   14   15
  3612    192    1    9   10   11   12   13   14   16
  3613    192    1    9   10   11   12   13   14   17
  3614    192    1    9   10   11   12   13   14   18
  3615    192    1    9   10   11   12   13   14   19
  3616    192    1    9   10   11   12   13   14   20
  3617    192    1    9   10   11   12   13   14   21
  3618    192    1    9   10   11   12   13   14   22
  3619    192    1    9   10   11   12   13   14   23
  3620    192    1    9   10   11   12   13   14   24
  3621    192    1    9   10   11   12   13   16   17
  3622    192    1    9   10   11   12   13   16   18
  3623    192    1    9   10   11   12   13   16   19
  3624    192    1    9   10   11   12   13   16   20
  3625    192    1    9   10   11   12   13   16   21
  3626    192    1    9   10   11   12   13   16   22
  3627    192    1    9   10   11   12   13   16   23
  3628    192    1    9   10   11   12   13   16   24
  3629    192    1    9   10   11   12   13   17   18
  3630    192    1    9   10   11   12   13   17   19
  3631    192    1    9   10   11   12   13   17   20
  3632    192    1    9   10   11   12   13   17   21
  3633    192    1    9   10   11   12   13   17   22
  3634    192    1    9   10   11   12   13   17   23
  3635    192    1    9   10   11   12   13   17   24
  3636    192    1    9   10   11   12   13   18   19
  3637    192    1    9   10   11   12   13   18   20
  3638    192    1    9   10   11   12   13   18   21
  3639    192    1    9   10   11   12   13   18   22
  3640    192    1    9   10   11   12   13   18   23
  3641    192    1    9   10   11   12   13   18   24
  3642    192    1    9   10   11   12   13   19   20
  3643    192    1    9   10   11   12   13   19   21
  3644    192    1    9   10   11   12   13   19   22
  3645    192    1    9   10   11   12   13   19   23
  3646    192    1    9   10   11   12   13   19   24
  3647    192    1    9   10   11   12   13   20   21
  3648    192    1    9   10   11   12   13   20   22
  3649    192    1    9   10   11   12   13   20   23
  3650    192    1    9   10   11   12   13   20   24
  3651    192    1    9   10   11   12   13   21   22
  3652    192    1    9   10   11   12   13   21   23
  3653    192    1    9   10   11   12   13   21   24
  3654    192    1    9   10   11   12   13   22   23
  3655    192    1    9   10   11   12   13   22   24
  3656    192    1    9   10   11   12   13   23   24
  3657    192    1    9   10   11   12   16   17   18
  3658    192    1    9   10   11   12   16   17   19
  3659    192    1    9   10   11   12   16   17   20
  3660    192    1    9   10   11   12   16   17   21
  3661    192    1    9   10   11   12   16   17   22
  3662    192    1    9   10   11   12   16   17   23
  3663    192    1    9   10   11   12   16   17   24
  3664    192    1    9   10   11   12   16   18   19
  3665    192    1    9   10   11   12   16   18   20
  3666    192    1    9   10   11   12   16   18   21
  3667    192    1    9   10   11   12   16   18   22
  3668    192    1    9   10   11   12   16   18   23
  3669    192    1    9   10   11   12   16   18   24
  3670     96    1    9   10   11   12   16   19   20
  3671    192    1    9   10   11   12   16   19   22
  3672    192    1    9   10   11   12   16   19   23
  3673    192    1    9   10   11   12   16   19   24
  3674    192    1    9   10   11   12   16   20   21
  3675    192    1    9   10   11   12   16   20   22
  3676    192    1    9   10   11   12   16   20   23
  3677     64    1    9   10   11   12   16   21   24
  3678    192    1    9   10   11   12   16   22   23
  3679    192    1    9   10   11   12   17   18   19
  3680    192    1    9   10   11   12   17   18   20
  3681    192    1    9   10   11   12   17   18   22
  3682    192    1    9   10   11   12   17   18   23
  3683    192    1    9   10   11   12   17   19   20
  3684    192    1    9   10   11   12   17   19   23
  3685     64    1    9   10   11   12   17   20   22
  3686     64    1    9   10   11   12   18   19   23
  3687    192    1    9   10   11   13   14   16   17
  3688    192    1    9   10   11   13   14   16   18
  3689    192    1    9   10   11   13   14   16   21
  3690     96    1    9   10   11   13   14   16   22
  3691     96    1    9   10   11   13   14   16   23
  3692    192    1    9   10   11   13   14   17   18
  3693    192    1    9   10   11   13   14   17   19
  3694     96    1    9   10   11   13   14   17   20
  3695    192    1    9   10   11   13   14   17   21
  3696    192    1    9   10   11   13   14   17   22
  3697    192    1    9   10   11   13   14   17   23
  3698    192    1    9   10   11   13   14   17   24
  3699     96    1    9   10   11   13   14   18   19
  3700    192    1    9   10   11   13   14   18   21
  3701    192    1    9   10   11   13   14   18   22
  3702    192    1    9   10   11   13   14   18   23
  3703    192    1    9   10   11   13   14   18   24
  3704    192    1    9   10   11   13   14   21   22
  3705    192    1    9   10   11   13   14   21   23
  3706     96    1    9   10   11   13   14   21   24
  3707     96    1    9   10   11   13   14   22   23
  3708    192    1    9   10   11   13   15   16   17
  3709    192    1    9   10   11   13   15   16   18
  3710    192    1    9   10   11   13   15   16   19
  3711    192    1    9   10   11   13   15   16   20
  3712     96    1    9   10   11   13   15   16   21
  3713    192    1    9   10   11   13   15   16   22
  3714    192    1    9   10   11   13   15   16   23
  3715    192    1    9   10   11   13   15   16   24
  3716    192    1    9   10   11   13   15   17   18
  3717     96    1    9   10   11   13   15   17   19
  3718    192    1    9   10   11   13   15   17   20
  3719     96    1    9   10   11   13   15   17   24
  3720    192    1    9   10   11   13   15   18   19
  3721    192    1    9   10   11   13   15   18   20
  3722    192    1    9   10   11   13   15   18   22
  3723     96    1    9   10   11   13   15   18   23
  3724    192    1    9   10   11   13   15   18   24
  3725    192    1    9   10   11   13   15   19   20
  3726     96    1    9   10   11   13   15   19   24
  3727     96    1    9   10   11   13   15   20   22
  3728    192    1    9   10   11   13   15   20   24
  3729    192    1    9   10   11   13   16   17   18
  3730    192    1    9   10   11   13   16   17   19
  3731    192    1    9   10   11   13   16   17   20
  3732    192    1    9   10   11   13   16   17   21
  3733    192    1    9   10   11   13   16   17   22
  3734    192    1    9   10   11   13   16   17   23
  3735    192    1    9   10   11   13   16   17   24
  3736    192    1    9   10   11   13   16   18   19
  3737    192    1    9   10   11   13   16   18   20
  3738    192    1    9   10   11   13   16   18   21
  3739    192    1    9   10   11   13   16   18   22
  3740    192    1    9   10   11   13   16   18   23
  3741    192    1    9   10   11   13   16   18   24
  3742    192    1    9   10   11   13   16   19   20
  3743    192    1    9   10   11   13   16   19   21
  3744    192    1    9   10   11   13   16   19   22
  3745    192    1    9   10   11   13   16   19   23
  3746    192    1    9   10   11   13   16   19   24
  3747    192    1    9   10   11   13   16   20   21
  3748    192    1    9   10   11   13   16   20   22
  3749    192    1    9   10   11   13   16   20   23
  3750    192    1    9   10   11   13   16   20   24
  3751    192    1    9   10   11   13   16   21   22
  3752    192    1    9   10   11   13   16   21   23
  3753    192    1    9   10   11   13   16   21   24
  3754    192    1    9   10   11   13   16   22   23
  3755    192    1    9   10   11   13   16   22   24
  3756    192    1    9   10   11   13   16   23   24
  3757    192    1    9   10   11   13   17   18   19
  3758    192    1    9   10   11   13   17   18   20
  3759    192    1    9   10   11   13   17   18   21
  3760    192    1    9   10   11   13   17   18   22
  3761     96    1    9   10   11   13   17   18   23
  3762     96    1    9   10   11   13   17   18   24
  3763    192    1    9   10   11   13   17   19   20
  3764    192    1    9   10   11   13   17   19   21
  3765    192    1    9   10   11   13   17   19   22
  3766     96    1    9   10   11   13   17   19   23
  3767    192    1    9   10   11   13   17   19   24
  3768    192    1    9   10   11   13   17   20   21
  3769    192    1    9   10   11   13   17   20   22
  3770    192    1    9   10   11   13   17   20   24
  3771    192    1    9   10   11   13   17   21   22
  3772    192    1    9   10   11   13   17   21   24
  3773    192    1    9   10   11   13   17   22   24
  3774    192    1    9   10   11   13   18   19   20
  3775    192    1    9   10   11   13   18   19   21
  3776    192    1    9   10   11   13   18   19   22
  3777    192    1    9   10   11   13   18   19   23
  3778    192    1    9   10   11   13   18   19   24
  3779    192    1    9   10   11   13   18   20   21
  3780    192    1    9   10   11   13   18   20   22
  3781    192    1    9   10   11   13   18   20   23
  3782    192    1    9   10   11   13   18   20   24
  3783    192    1    9   10   11   13   18   21   22
  3784    192    1    9   10   11   13   18   21   23
  3785    192    1    9   10   11   13   18   21   24
  3786    192    1    9   10   11   13   18   22   23
  3787    192    1    9   10   11   13   18   23   24
  3788    192    1    9   10   11   13   19   20   21
  3789    192    1    9   10   11   13   19   20   22
  3790    192    1    9   10   11   13   19   20   24
  3791    192    1    9   10   11   13   19   21   22
  3792    192    1    9   10   11   13   19   21   23
  3793    192    1    9   10   11   13   19   21   24
  3794    192    1    9   10   11   13   19   22   23
  3795    192    1    9   10   11   13   19   22   24
  3796    192    1    9   10   11   13   19   23   24
  3797    192    1    9   10   11   13   20   21   22
  3798    192    1    9   10   11   13   20   21   24
  3799    192    1    9   10   11   13   20   22   24
  3800    192    1    9   10   11   13   21   22   23
  3801    192    1    9   10   11   13   21   22   24
  3802    192    1    9   10   11   13   21   23   24
  3803    192    1    9   10   11   13   22   23   24
  3804    192    1    9   10   11   14   15   16   17
  3805    192    1    9   10   11   14   15   16   18
  3806    192    1    9   10   11   14   15   16   19
  3807    192    1    9   10   11   14   15   16   20
  3808    192    1    9   10   11   14   15   16   21
  3809    192    1    9   10   11   14   15   16   22
  3810    192    1    9   10   11   14   15   16   23
  3811     96    1    9   10   11   14   15   16   24
  3812    192    1    9   10   11   14   15   17   19
  3813    192    1    9   10   11   14   15   17   20
  3814    192    1    9   10   11   14   15   17   21
  3815     96    1    9   10   11   14   15   17   22
  3816    192    1    9   10   11   14   15   17   23
  3817    192    1    9   10   11   14   15   18   19
  3818     96    1    9   10   11   14   15   18   20
  3819     96    1    9   10   11   14   15   18   21
  3820    192    1    9   10   11   14   15   19   20
  3821    192    1    9   10   11   14   15   19   21
  3822     96    1    9   10   11   14   15   19   23
  3823     96    1    9   10   11   14   15   20   21
  3824    192    1    9   10   11   14   16   17   18
  3825    192    1    9   10   11   14   16   17   19
  3826    192    1    9   10   11   14   16   17   20
  3827    192    1    9   10   11   14   16   17   21
  3828    192    1    9   10   11   14   16   17   22
  3829    192    1    9   10   11   14   16   17   23
  3830    192    1    9   10   11   14   16   17   24
  3831    192    1    9   10   11   14   16   18   19
  3832    192    1    9   10   11   14   16   18   20
  3833    192    1    9   10   11   14   16   18   21
  3834    192    1    9   10   11   14   16   18   22
  3835    192    1    9   10   11   14   16   18   23
  3836     96    1    9   10   11   14   16   18   24
  3837     96    1    9   10   11   14   16   19   20
  3838    192    1    9   10   11   14   16   19   22
  3839    192    1    9   10   11   14   16   19   23
  3840    192    1    9   10   11   14   16   19   24
  3841    192    1    9   10   11   14   16   20   21
  3842    192    1    9   10   11   14   16   20   22
  3843    192    1    9   10   11   14   16   20   23
  3844    192    1    9   10   11   14   16   20   24
  3845    192    1    9   10   11   14   16   21   22
  3846    192    1    9   10   11   14   16   21   23
  3847    192    1    9   10   11   14   16   21   24
  3848    192    1    9   10   11   14   16   22   23
  3849    192    1    9   10   11   14   16   22   24
  3850    192    1    9   10   11   14   16   23   24
  3851    192    1    9   10   11   14   17   18   19
  3852    192    1    9   10   11   14   17   18   20
  3853    192    1    9   10   11   14   17   18   21
  3854    192    1    9   10   11   14   17   18   22
  3855    192    1    9   10   11   14   17   18   23
  3856    192    1    9   10   11   14   17   19   20
  3857    192    1    9   10   11   14   17   19   21
  3858    192    1    9   10   11   14   17   19   22
  3859    192    1    9   10   11   14   17   19   23
  3860    192    1    9   10   11   14   17   19   24
  3861    192    1    9   10   11   14   17   20   21
  3862    192    1    9   10   11   14   17   20   22
  3863     96    1    9   10   11   14   17   20   23
  3864    192    1    9   10   11   14   17   20   24
  3865    192    1    9   10   11   14   17   21   22
  3866    192    1    9   10   11   14   17   21   24
  3867    192    1    9   10   11   14   17   22   23
  3868    192    1    9   10   11   14   17   22   24
  3869    192    1    9   10   11   14   17   23   24
  3870    192    1    9   10   11   14   18   19   20
  3871    192    1    9   10   11   14   18   19   21
  3872    192    1    9   10   11   14   18   19   22
  3873    192    1    9   10   11   14   18   19   23
  3874    192    1    9   10   11   14   18   19   24
  3875    192    1    9   10   11   14   18   20   21
  3876    192    1    9   10   11   14   18   20   22
  3877    192    1    9   10   11   14   18   20   23
  3878    192    1    9   10   11   14   18   20   24
  3879    192    1    9   10   11   14   18   21   22
  3880    192    1    9   10   11   14   18   21   23
  3881    192    1    9   10   11   14   18   21   24
  3882    192    1    9   10   11   14   18   22   23
  3883    192    1    9   10   11   14   18   23   24
  3884    192    1    9   10   11   14   19   20   22
  3885    192    1    9   10   11   14   19   20   23
  3886    192    1    9   10   11   14   19   20   24
  3887    192    1    9   10   11   14   19   21   23
  3888    192    1    9   10   11   14   19   21   24
  3889    192    1    9   10   11   14   19   22   23
  3890    192    1    9   10   11   14   19   22   24
  3891    192    1    9   10   11   14   19   23   24
  3892    192    1    9   10   11   14   20   21   22
  3893    192    1    9   10   11   14   20   21   24
  3894    192    1    9   10   11   14   20   22   23
  3895    192    1    9   10   11   14   20   22   24
  3896    192    1    9   10   11   14   21   22   23
  3897    192    1    9   10   11   14   21   22   24
  3898    192    1    9   10   11   14   22   23   24
  3899    192    1    9   10   11   15   16   17   19
  3900    192    1    9   10   11   15   16   17   20
  3901    192    1    9   10   11   15   16   17   21
  3902    192    1    9   10   11   15   16   17   22
  3903    192    1    9   10   11   15   16   17   23
  3904    192    1    9   10   11   15   16   17   24
  3905    192    1    9   10   11   15   16   18   19
  3906    192    1    9   10   11   15   16   18   20
  3907    192    1    9   10   11   15   16   19   20
  3908    192    1    9   10   11   15   16   19   21
  3909    192    1    9   10   11   15   16   19   22
  3910    192    1    9   10   11   15   16   19   23
  3911    192    1    9   10   11   15   16   19   24
  3912    192    1    9   10   11   15   16   20   21
  3913    192    1    9   10   11   15   16   20   22
  3914    192    1    9   10   11   15   16   20   23
  3915    192    1    9   10   11   15   16   20   24
  3916    192    1    9   10   11   15   16   21   22
  3917    192    1    9   10   11   15   16   21   23
  3918    192    1    9   10   11   15   16   21   24
  3919    192    1    9   10   11   15   16   22   23
  3920    192    1    9   10   11   15   16   22   24
  3921    192    1    9   10   11   15   16   23   24
  3922    192    1    9   10   11   15   17   19   20
  3923    192    1    9   10   11   15   17   19   21
  3924    192    1    9   10   11   15   17   19   22
  3925    192    1    9   10   11   15   17   19   23
  3926    192    1    9   10   11   15   17   19   24
  3927    192    1    9   10   11   15   17   20   21
  3928    192    1    9   10   11   15   17   20   22
  3929    192    1    9   10   11   15   17   20   24
  3930    192    1    9   10   11   15   17   21   22
  3931    192    1    9   10   11   15   17   21   24
  3932    192    1    9   10   11   15   17   22   23
  3933    192    1    9   10   11   15   17   22   24
  3934     96    1    9   10   11   15   17   23   24
  3935    192    1    9   10   11   15   18   19   20
  3936    192    1    9   10   11   15   18   19   21
  3937    192    1    9   10   11   15   18   19   23
  3938     96    1    9   10   11   15   18   19   24
  3939    192    1    9   10   11   15   18   20   21
  3940    192    1    9   10   11   15   18   20   23
  3941    192    1    9   10   11   15   18   20   24
  3942    192    1    9   10   11   15   18   21   23
  3943     96    1    9   10   11   15   18   23   24
  3944    192    1    9   10   11   15   19   20   21
  3945    192    1    9   10   11   15   19   20   22
  3946    192    1    9   10   11   15   19   20   23
  3947    192    1    9   10   11   15   19   20   24
  3948    192    1    9   10   11   15   19   21   22
  3949    192    1    9   10   11   15   19   21   23
  3950    192    1    9   10   11   15   19   21   24
  3951    192    1    9   10   11   15   19   22   23
  3952    192    1    9   10   11   15   19   22   24
  3953    192    1    9   10   11   15   19   23   24
  3954    192    1    9   10   11   15   20   21   22
  3955    192    1    9   10   11   15   20   21   24
  3956    192    1    9   10   11   15   20   22   23
  3957    192    1    9   10   11   15   20   22   24
  3958    192    1    9   10   11   15   21   22   23
  3959    192    1    9   10   11   15   21   22   24
  3960    192    1    9   10   11   15   22   23   24
  3961    192    1    9   10   11   16   17   19   20
  3962    192    1    9   10   11   16   17   19   21
  3963    192    1    9   10   11   16   17   19   22
  3964    192    1    9   10   11   16   17   19   23
  3965    192    1    9   10   11   16   17   19   24
  3966    192    1    9   10   11   16   17   20   21
  3967    192    1    9   10   11   16   17   20   22
  3968    192    1    9   10   11   16   17   20   24
  3969    192    1    9   10   11   16   17   21   22
  3970    192    1    9   10   11   16   17   21   24
  3971     96    1    9   10   11   16   17   22   23
  3972    192    1    9   10   11   16   17   22   24
  3973     96    1    9   10   11   16   18   19   20
  3974    192    1    9   10   11   16   18   19   21
  3975    192    1    9   10   11   16   18   19   23
  3976    192    1    9   10   11   16   18   20   21
  3977    192    1    9   10   11   16   18   20   23
  3978    192    1    9   10   11   16   18   21   23
  3979     96    1    9   10   11   16   19   20   23
  3980    192    1    9   10   11   16   19   21   23
  3981    192    1    9   10   11   16   19   21   24
  3982    192    1    9   10   11   16   19   22   23
  3983    192    1    9   10   11   16   19   22   24
  3984    192    1    9   10   11   16   19   23   24
  3985    192    1    9   10   11   16   20   21   22
  3986    192    1    9   10   11   16   20   21   24
  3987    192    1    9   10   11   16   20   22   23
  3988    192    1    9   10   11   16   20   22   24
  3989    192    1    9   10   11   16   21   22   23
  3990    192    1    9   10   11   16   21   22   24
  3991    192    1    9   10   11   16   22   23   24
  3992    192    1    9   10   11   17   18   19   20
  3993    192    1    9   10   11   17   18   19   21
  3994     96    1    9   10   11   17   18   19   23
  3995    192    1    9   10   11   17   18   20   21
  3996    192    1    9   10   11   17   19   20   21
  3997    192    1    9   10   11   17   19   20   22
  3998    192    1    9   10   11   17   19   20   24
  3999    192    1    9   10   11   17   19   21   22
  4000    192    1    9   10   11   17   19   21   24
  4001    192    1    9   10   11   17   19   22   24
  4002    192    1    9   10   11   17   20   21   22
  4003    192    1    9   10   11   17   20   21   24
  4004    192    1    9   10   11   17   20   22   24
  4005    192    1    9   10   11   17   21   22   24
  4006    192    1    9   10   11   18   19   20   21
  4007    192    1    9   10   11   18   19   20   23
  4008    192    1    9   10   11   18   19   20   24
  4009    192    1    9   10   11   18   19   21   22
  4010    192    1    9   10   11   18   19   21   23
  4011     96    1    9   10   11   18   19   23   24
  4012     96    1    9   10   11   18   20   21   24
  4013    192    1    9   10   11   19   20   21   24
  4014    192    1    9   10   11   19   20   22   23
  4015    192    1    9   10   11   19   20   22   24
  4016    192    1    9   10   11   19   22   23   24
  4017    192    1    9   10   11   20   21   22   24
  4018     96    1    9   10   13   16   17   19   21
  4019    192    1    9   10   13   16   17   19   22
  4020    192    1    9   10   13   16   17   19   23
  4021    192    1    9   10   13   16   17   19   24
  4022    192    1    9   10   13   16   17   20   21
  4023    192    1    9   10   13   16   17   20   22
  4024    192    1    9   10   13   16   17   20   24
  4025     96    1    9   10   13   16   17   21   24
  4026     96    1    9   10   13   16   17   22   23
  4027    192    1    9   10   13   16   17   22   24
  4028     96    1    9   10   13   16   18   19   21
  4029    192    1    9   10   13   16   18   19   23
  4030    192    1    9   10   13   16   18   20   21
  4031     96    1    9   10   13   16   18   21   23
  4032    192    1    9   10   13   16   19   22   23
  4033    192    1    9   10   13   16   19   22   24
  4034     96    1    9   10   13   16   20   21   22
  4035    192    1    9   10   13   16   20   21   24
  4036    192    1    9   10   13   16   20   22   24
  4037     32    1    9   10   13   17   18   19   23
  4038     96    1    9   10   13   17   19   20   22
  4039    192    1    9   10   13   17   19   20   24
  4040     96    1    9   10   13   17   20   22   24
  4041     96    1    9   10   13   19   20   22   24
  4042    192    1    9   10   14   16   17   19   23
  4043     96    1    9   10   14   16   17   19   24
  4044    192    1    9   10   14   16   17   20   21
  4045     96    1    9   10   14   16   17   20   22
  4046     96    1    9   10   14   16   17   20   23
  4047    192    1    9   10   14   16   17   21   22
  4048    192    1    9   10   14   16   17   21   24
  4049    192    1    9   10   14   16   17   22   23
  4050    192    1    9   10   14   16   17   22   24
  4051    192    1    9   10   14   16   17   23   24
  4052     32    1    9   10   14   16   18   19   23
  4053    192    1    9   10   14   16   21   22   23
  4054     96    1    9   10   14   16   21   22   24
  4055    192    1    9   10   14   17   19   23   24
  4056    192    1    9   10   14   17   20   21   22
  4057     96    1    9   10   14   17   20   21   24
  4058    192    1    9   10   14   17   21   22   24
  4059    192    1    9   10   14   17   22   23   24
  4060    192    1    9   10   15   16   17   19   22
  4061    192    1    9   10   15   16   17   19   23
  4062    192    1    9   10   15   16   17   19   24
  4063    192    1    9   10   15   16   17   20   21
  4064    192    1    9   10   15   16   17   20   22
  4065    192    1    9   10   15   16   17   20   24
  4066    192    1    9   10   15   16   17   21   22
  4067    192    1    9   10   15   16   17   21   24
  4068    192    1    9   10   15   16   17   22   23
  4069     96    1    9   10   15   16   17   22   24
  4070     96    1    9   10   15   16   19   22   23
  4071     96    1    9   10   15   16   19   23   24
  4072    192    1    9   10   15   16   20   21   22
  4073    192    1    9   10   15   16   20   21   23
  4074     96    1    9   10   15   16   20   21   24
  4075    192    1    9   10   15   16   20   22   23
  4076    192    1    9   10   15   16   21   22   23
  4077     96    1    9   10   15   17   19   22   23
  4078     96    1    9   10   15   17   20   21   22
  4079     96    1    9   10   15   18   19   20   21
  4080     96    1    9   10   15   18   19   20   23
  4081    192    1    9   10   16   17   20   21   22
  4082    192    1    9   10   16   17   20   21   24
  4083    192    1    9   10   16   17   20   22   24
  4084    192    1    9   10   16   17   21   22   24
  4085    192    1    9   10   16   20   21   22   24
  4086    192    1    9   10   17   20   21   22   24
  4087     32    1    9   16   17   20   21   22   24
  4088     96    1   10   11   12   13   14   15   16
  4089     96    1   10   11   12   13   14   15   17
  4090    192    1   10   11   12   13   14   16   17
  4091    192    1   10   11   12   13   14   16   20
  4092    192    1   10   11   12   13   14   16   21
  4093    192    1   10   11   12   13   14   16   22
  4094    192    1   10   11   12   13   14   16   24
  4095    192    1   10   11   12   13   14   17   20
  4096    192    1   10   11   12   13   14   17   21
  4097    192    1   10   11   12   13   14   17   22
  4098    192    1   10   11   12   13   14   17   24
  4099    192    1   10   11   12   13   14   20   21
  4100    192    1   10   11   12   13   14   20   22
  4101    192    1   10   11   12   13   14   20   24
  4102    192    1   10   11   12   13   14   21   22
  4103    192    1   10   11   12   13   14   21   24
  4104    192    1   10   11   12   13   14   22   24
  4105    192    1   10   11   12   13   16   17   20
  4106    192    1   10   11   12   13   16   17   21
  4107    192    1   10   11   12   13   16   17   22
  4108    192    1   10   11   12   13   16   17   24
  4109     96    1   10   11   12   13   16   20   21
  4110    192    1   10   11   12   13   16   20   22
  4111    192    1   10   11   12   13   16   20   24
  4112    192    1   10   11   12   13   16   21   22
  4113    192    1   10   11   12   13   16   21   24
  4114    192    1   10   11   12   13   17   20   22
  4115     96    1   10   11   12   13   17   22   24
  4116    192    1   10   11   12   13   20   21   22
  4117    192    1   10   11   12   13   21   22   24
  4118     96    1   10   11   12   16   17   20   24
  4119     96    1   10   11   13   14   16   17   20
  4120    192    1   10   11   13   14   16   17   22
  4121     96    1   10   11   13   14   16   17   24
  4122     96    1   10   11   13   14   16   21   24
  4123    192    1   10   11   13   15   16   20   21
  4124     96    1   10   11   13   15   16   21   24
  4125     96    1   10   11   14   15   16   20   24
  4126     48    9   10   11   12   13   14   15   16
  4127     96    9   10   11   12   13   14   15   17
  4128    192    9   10   11   12   13   14   16   17
  4129    192    9   10   11   12   13   14   16   19
  4130    192    9   10   11   12   13   14   16   21
  4131    192    9   10   11   12   13   14   16   22
  4132     96    9   10   11   12   13   14   17   18
  4133    192    9   10   11   12   13   14   17   19
  4134    192    9   10   11   12   13   14   17   20
  4135     96    9   10   11   12   13   14   17   21
  4136    192    9   10   11   12   13   14   17   22
  4137    192    9   10   11   12   13   14   17   24
  4138     48    9   10   11   12   13   14   19   20
  4139    192    9   10   11   12   13   14   19   21
  4140    192    9   10   11   12   13   14   19   22
  4141    192    9   10   11   12   13   14   19   23
  4142    192    9   10   11   12   13   14   19   24
  4143    192    9   10   11   12   13   14   21   22
  4144     96    9   10   11   12   13   14   21   23
  4145     96    9   10   11   12   13   14   21   24
  4146     96    9   10   11   12   13   14   22   23
  4147    192    9   10   11   12   13   16   17   18
  4148    192    9   10   11   12   13   16   17   22
  4149     96    9   10   11   12   13   16   17   24
  4150     48    9   10   11   12   13   16   18   23
  4151     96    9   10   11   12   13   16   21   24
  4152     12    9   10   11   12   13   20   23   24
  4153     96    9   10   11   13   14   16   17   18
  4154     96    9   10   11   13   14   16   17   19
  4155     96    9   10   11   13   14   16   17   20
  4156    192    9   10   11   13   14   16   17   21
  4157    192    9   10   11   13   14   16   17   22
  4158    192    9   10   11   13   14   16   17   23
  4159    192    9   10   11   13   14   16   17   24
  4160    192    9   10   11   13   14   16   21   22
  4161     48    9   10   11   13   14   16   21   24
  4162     48    9   10   11   13   14   16   22   23
  4163    192    9   10   11   13   14   17   18   19
  4164    192    9   10   11   13   14   17   18   21
  4165    192    9   10   11   13   14   17   18   22
  4166     24    9   10   11   13   14   17   19   21
  4167    192    9   10   11   13   14   17   19   22
  4168     96    9   10   11   13   14   17   19   24
  4169     96    9   10   11   13   14   17   20   22
  4170     48    9   10   11   13   14   17   20   23
  4171     96    9   10   11   13   14   17   21   22
  4172    192    9   10   11   13   14   17   22   23
  4173    192    9   10   11   13   14   17   22   24
  4174    192    9   10   11   13   14   17   23   24
  4175     48    9   10   11   13   14   21   22   23
  4176     96    9   10   11   13   14   21   22   24
  4177    192    9   10   11   13   15   16   18   19
  4178    192    9   10   11   13   15   16   18   20
  4179    192    9   10   11   13   15   16   18   21
  4180     48    9   10   11   13   15   16   18   22
  4181    192    9   10   11   13   15   16   18   23
  4182    192    9   10   11   13   15   16   19   20
  4183     96    9   10   11   13   15   16   19   21
  4184    192    9   10   11   13   15   16   19   22
  4185    192    9   10   11   13   15   16   19   23
  4186    192    9   10   11   13   15   16   19   24
  4187    192    9   10   11   13   15   16   20   21
  4188    192    9   10   11   13   15   16   20   22
  4189    192    9   10   11   13   15   16   20   24
  4190     96    9   10   11   13   15   16   21   24
  4191    192    9   10   11   13   15   16   22   23
  4192    192    9   10   11   13   15   16   22   24
  4193     96    9   10   11   13   15   17   18   19
  4194     96    9   10   11   13   15   17   18   20
  4195    192    9   10   11   13   15   17   19   20
  4196     96    9   10   11   13   15   17   19   24
  4197     96    9   10   11   13   15   17   20   22
  4198    192    9   10   11   13   15   18   19   20
  4199     96    9   10   11   13   15   18   19   23
  4200     96    9   10   11   13   15   19   20   22
  4201     24    9   10   11   13   15   20   22   24
  4202     96    9   10   11   13   16   17   18   19
  4203     96    9   10   11   13   16   17   18   20
  4204     48    9   10   11   13   16   17   19   20
  4205    192    9   10   11   13   16   17   19   22
  4206    192    9   10   11   13   16   17   19   24
  4207     96    9   10   11   13   16   17   20   22
  4208     96    9   10   11   13   16   18   19   20
  4209    192    9   10   11   13   16   18   19   21
  4210    192    9   10   11   13   16   18   19   23
  4211    192    9   10   11   13   16   18   20   23
  4212     96    9   10   11   13   16   19   20   22
  4213     96    9   10   11   13   16   19   21   22
  4214    192    9   10   11   13   16   19   22   23
  4215     48    9   10   11   13   16   19   23   24
  4216     96    9   10   11   13   16   20   22   23
  4217     48    9   10   11   15   16   19   20   22
  4218     96    9   10   11   15   16   19   22   23
  4219      6    9   10   13   16   17   19   21   24
  4220     24    9   10   13   16   17   19   22   23
  4221     48    9   10   13   16   17   20   21   22
  4222     12    9   10   14   16   17   20   22   23
